id,time,shift_id,truck_id,truck,truck_operator_id,material_category,blast_type,dump_type,dump,load_count,material_tonnage
1,2020/06/15 00:00:00,1051,448,C3057,1250,ore,Blast,Crusher,QUEBRADORA,6,936
2,2020/06/15 00:00:00,1051,448,C3057,1250,ore,Blast,Stockpile,PATIO 20,2,312
3,2020/06/15 00:00:00,1051,448,C3057,1250,waste,Blast,Dump, AMPLIACION F6,1,160
4,2020/06/15 00:00:00,1051,448,C3057,1250,waste,Blast,Dump,TERRERO 1038,2,320
5,2020/06/15 00:00:00,1051,449,C3058,1060,ore,Blast,Crusher,QUEBRADORA,4,624
6,2020/06/15 00:00:00,1051,449,C3058,1060,ore,Blast,Stockpile,PATIO 20,6,936
7,2020/06/15 00:00:00,1051,449,C3058,1060,waste,Blast,Dump,TERRERO 1038,2,320
8,2020/06/15 00:00:00,1051,449,C3058,1060,waste,Blast,Dump,TERRERO 986,2,320
9,2020/06/15 00:00:00,1051,450,C3059,1023,ore,Blast,Crusher,QUEBRADORA,3,468
10,2020/06/15 00:00:00,1051,450,C3059,1023,ore,Blast,Stockpile,PATIO 20,5,780
11,2020/06/15 00:00:00,1051,450,C3059,1023,waste,Blast,Dump, AMPLIACION F6,2,320
12,2020/06/15 00:00:00,1051,450,C3059,1023,waste,Blast,Dump,TERRERO 986,4,640
13,2020/06/15 00:00:00,1051,452,C3061,1115,ore,Blast,Crusher,QUEBRADORA,6,936
14,2020/06/15 00:00:00,1051,452,C3061,1115,ore,Blast,Stockpile,PATIO 12,1,156
15,2020/06/15 00:00:00,1051,452,C3061,1115,ore,Stockpile,Crusher,QUEBRADORA,3,468
16,2020/06/15 00:00:00,1051,452,C3061,1115,waste,Blast,Dump,TERRERO 1038,1,160
17,2020/06/15 00:00:00,1051,452,C3061,1115,waste,Blast,Dump,TERRERO 926,1,160
18,2020/06/15 00:00:00,1051,453,C3062,1029,ore,Blast,Crusher,QUEBRADORA,1,156
19,2020/06/15 00:00:00,1051,453,C3062,1029,ore,Blast,Stockpile,PATIO 20,3,468
20,2020/06/15 00:00:00,1051,453,C3062,1029,ore,Stockpile,Crusher,QUEBRADORA,6,936
21,2020/06/15 00:00:00,1051,454,C3063,1147,ore,Blast,Crusher,QUEBRADORA,4,624
22,2020/06/15 00:00:00,1051,454,C3063,1147,ore,Blast,Stockpile,PATIO 20,6,936
23,2020/06/15 00:00:00,1051,454,C3063,1147,waste,Blast,Dump,TERRERO 986,6,960
24,2020/06/15 00:00:00,1051,455,C3064,1090,ore,Blast,Crusher,QUEBRADORA,1,156
25,2020/06/15 00:00:00,1051,455,C3064,1090,waste,Blast,Dump,TERRERO 986,2,320
26,2020/06/15 00:00:00,1051,456,C3065,(en blanco),waste,Blast,Dump,TERRERO 926,1,160
27,2020/06/15 00:00:00,1051,456,C3065,1062,ore,Blast,Stockpile,PATIO 20,6,936
28,2020/06/15 00:00:00,1051,456,C3065,1062,waste,Blast,Dump,TERRERO 926,18,2880
29,2020/06/15 00:00:00,1051,458,C3067,1187,ore,Blast,Crusher,QUEBRADORA,3,468
30,2020/06/15 00:00:00,1051,458,C3067,1187,ore,Blast,Stockpile,PATIO 20,1,156
31,2020/06/15 00:00:00,1051,458,C3067,1187,ore,Stockpile,Crusher,QUEBRADORA,4,624
32,2020/06/15 00:00:00,1051,458,C3067,1187,waste,Blast,Dump,TERRERO 1038,4,640
33,2020/06/15 00:00:00,1051,458,C3067,1187,waste,Blast,Dump,TERRERO 986,4,640
34,2020/06/15 00:00:00,1051,459,C3068,1059,ore,Blast,Crusher,QUEBRADORA,2,312
35,2020/06/15 00:00:00,1051,459,C3068,1059,ore,Blast,Stockpile,PATIO 20,3,468
36,2020/06/15 00:00:00,1051,459,C3068,1059,waste,Blast,Dump,TERRERO 1038,1,160
37,2020/06/15 00:00:00,1051,459,C3068,1059,waste,Blast,Dump,TERRERO 986,5,800
38,2020/06/15 00:00:00,1051,460,C3069,1007,waste,Blast,Dump,TERRERO 1038,7,1120
39,2020/06/15 00:00:00,1051,460,C3069,1007,waste,Blast,Dump,TERRERO 986,8,1280
40,2020/06/15 00:00:00,1051,462,C3071,1110,ore,Blast,Crusher,QUEBRADORA,2,312
41,2020/06/15 00:00:00,1051,462,C3071,1110,ore,Stockpile,Crusher,QUEBRADORA,3,468
42,2020/06/15 00:00:00,1051,462,C3071,1110,waste,Blast,Dump,TERRERO 926,17,2720
43,2020/06/15 00:00:00,1051,463,C3074,1084,waste,Blast,Dump,TERRERO 1038,14,2870
44,2020/06/15 00:00:00,1051,464,C3075,1046,ore,Blast,Crusher,QUEBRADORA,2,400
45,2020/06/15 00:00:00,1051,464,C3075,1046,ore,Blast,Stockpile,PATIO 20,2,400
46,2020/06/15 00:00:00,1051,464,C3075,1046,waste,Blast,Dump,TERRERO 926,4,820
47,2020/06/15 00:00:00,1051,464,C3075,1046,waste,Blast,Dump,TERRERO 986,1,205
48,2020/06/15 00:00:00,1051,464,C3075,1170,waste,Blast,Dump,TERRERO 986,4,820
49,2020/06/15 00:00:00,1051,466,C3077,1170,waste,Blast,Dump,TERRERO 986,3,615
50,2020/06/15 00:00:00,1051,468,C3079,1006,ore,Blast,Crusher,QUEBRADORA,2,400
51,2020/06/15 00:00:00,1051,469,C3080,(en blanco),ore,Blast,Stockpile,PATIO 20,1,200
52,2020/06/15 00:00:00,1051,469,C3080,1190,ore,Blast,Crusher,QUEBRADORA,3,600
53,2020/06/15 00:00:00,1051,469,C3080,1190,ore,Blast,Stockpile,PATIO 20,8,1600
54,2020/06/15 00:00:00,1051,470,C3081,1025,ore,Blast,Crusher,QUEBRADORA,1,200
55,2020/06/15 00:00:00,1051,470,C3081,1025,ore,Blast,Stockpile,PATIO 20,2,400
56,2020/06/15 00:00:00,1051,470,C3081,1025,waste,Blast,Dump,TERRERO 1038,1,205
57,2020/06/15 00:00:00,1051,470,C3081,1025,waste,Blast,Dump,TERRERO 926,3,615
58,2020/06/15 00:00:00,1051,470,C3081,1025,waste,Blast,Dump,TERRERO 986,10,2050
59,2020/06/15 00:00:00,1051,471,C3082,1044,ore,Blast,Dump,TERRERO 986,1,200
60,2020/06/15 00:00:00,1051,471,C3082,1044,waste,Blast,Dump,TERRERO 1038,2,410
61,2020/06/15 00:00:00,1051,471,C3082,1044,waste,Blast,Dump,TERRERO 986,13,2665
62,2020/06/15 00:00:00,1051,472,C3083,1155,waste,Blast,Dump,TERRERO 1038,2,410
63,2020/06/15 00:00:00,1051,472,C3083,1155,waste,Blast,Dump,TERRERO 986,3,615
64,2020/06/15 00:00:00,1051,551,C3088,1045,ore,Blast,Crusher,QUEBRADORA,2,400
65,2020/06/15 00:00:00,1051,551,C3088,1045,ore,Blast,Stockpile,PATIO 20,8,1600
66,2020/06/15 00:00:00,1051,551,C3088,1045,waste,Blast,Dump,TERRERO 1038,1,205
67,2020/06/15 00:00:00,1051,551,C3088,1045,waste,Blast,Dump,TERRERO 986,2,410
68,2020/06/15 00:00:00,1051,552,C3087,1162,ore,Blast,Crusher,QUEBRADORA,12,2400
69,2020/06/15 00:00:00,1051,552,C3087,1162,ore,Blast,Stockpile,PATIO 20,5,1000
70,2020/06/15 00:00:00,1051,554,CEMD,(en blanco),waste,Blast,Dump,TERRERO 926,64,5440
71,2020/06/15 00:00:00,1060,447,C3056,1126,ore,Blast,Crusher,QUEBRADORA,2,312
72,2020/06/15 00:00:00,1060,447,C3056,1129,ore,Blast,Stockpile,PATIO 20,1,156
73,2020/06/15 00:00:00,1060,448,C3057,1139,ore,Blast,Stockpile,PATIO 20,2,312
74,2020/06/15 00:00:00,1060,448,C3057,1139,waste,Blast,Dump,TERRERO 986,16,2560
75,2020/06/15 00:00:00,1060,448,C3057,1139,waste,Blast,InpitDump,T-1100,2,320
76,2020/06/15 00:00:00,1060,449,C3058,1229,ore,Stockpile,Crusher,QUEBRADORA,1,156
77,2020/06/15 00:00:00,1060,449,C3058,1229,waste,Blast,Dump,TERRERO 1038,4,640
78,2020/06/15 00:00:00,1060,449,C3058,1229,waste,Blast,Dump,TERRERO 926,3,480
79,2020/06/15 00:00:00,1060,449,C3058,1229,waste,Blast,Dump,TERRERO 986,5,800
80,2020/06/15 00:00:00,1060,450,C3059,1133,ore,Blast,Stockpile,PATIO 20,2,312
81,2020/06/15 00:00:00,1060,450,C3059,1133,ore,Stockpile,Crusher,QUEBRADORA,12,1872
82,2020/06/15 00:00:00,1060,450,C3059,1133,waste,Blast,Dump,TERRERO 1038,3,480
83,2020/06/15 00:00:00,1060,450,C3059,1133,waste,Blast,Dump,TERRERO 986,1,160
84,2020/06/15 00:00:00,1060,452,C3061,1137,ore,Blast,Stockpile,PATIO 20,3,468
85,2020/06/15 00:00:00,1060,452,C3061,1137,waste,Blast,Dump,TERRERO 1038,5,800
86,2020/06/15 00:00:00,1060,452,C3061,1137,waste,Blast,Dump,TERRERO 986,9,1440
87,2020/06/15 00:00:00,1060,452,C3061,1137,waste,Blast,InpitDump,T-1100,1,160
88,2020/06/15 00:00:00,1060,453,C3062,1120,waste,Blast,Dump,TERRERO 1038,5,800
89,2020/06/15 00:00:00,1060,453,C3062,1120,waste,Blast,Dump,TERRERO 986,12,1920
90,2020/06/15 00:00:00,1060,454,C3063,1014,waste,Blast,Dump,TERRERO 986,19,3040
91,2020/06/15 00:00:00,1060,455,C3064,1124,ore,Blast,Stockpile,PATIO 20,1,156
92,2020/06/15 00:00:00,1060,455,C3064,1124,ore,Stockpile,Crusher,QUEBRADORA,12,1872
93,2020/06/15 00:00:00,1060,455,C3064,1124,waste,Blast,Dump,TERRERO 986,1,160
94,2020/06/15 00:00:00,1060,456,C3065,1257,ore,Blast,Crusher,QUEBRADORA,3,468
95,2020/06/15 00:00:00,1060,456,C3065,1257,waste,Blast,Dump,TERRERO 926,15,2400
96,2020/06/15 00:00:00,1060,458,C3067,1140,ore,Blast,Stockpile,PATIO 20,3,468
97,2020/06/15 00:00:00,1060,458,C3067,1140,waste,Blast,Dump,TERRERO 1038,2,320
98,2020/06/15 00:00:00,1060,458,C3067,1140,waste,Blast,Dump,TERRERO 926,7,1120
99,2020/06/15 00:00:00,1060,458,C3067,1140,waste,Blast,Dump,TERRERO 986,2,320
100,2020/06/15 00:00:00,1060,459,C3068,1134,ore,Blast,Stockpile,PATIO 20,2,312
101,2020/06/15 00:00:00,1060,459,C3068,1134,ore,Stockpile,Crusher,QUEBRADORA,12,1872
102,2020/06/15 00:00:00,1060,459,C3068,1134,waste,Blast,Dump,TERRERO 926,1,160
103,2020/06/15 00:00:00,1060,459,C3068,1134,waste,Blast,Dump,TERRERO 986,2,320
104,2020/06/15 00:00:00,1060,460,C3069,1172,waste,Blast,Dump,TERRERO 1038,5,800
105,2020/06/15 00:00:00,1060,460,C3069,1172,waste,Blast,Dump,TERRERO 986,12,1920
106,2020/06/15 00:00:00,1060,460,C3069,1172,waste,Blast,InpitDump,T-1100,3,480
107,2020/06/15 00:00:00,1060,462,C3071,1029,ore,Blast,Crusher,QUEBRADORA,3,468
108,2020/06/15 00:00:00,1060,462,C3071,1029,waste,Blast,Dump,TERRERO 926,16,2560
109,2020/06/15 00:00:00,1060,463,C3074,1131,ore,Blast,Stockpile,PATIO 20,3,600
110,2020/06/15 00:00:00,1060,463,C3074,1131,waste,Blast,Dump,TERRERO 1038,1,205
111,2020/06/15 00:00:00,1060,463,C3074,1131,waste,Blast,Dump,TERRERO 926,6,1230
112,2020/06/15 00:00:00,1060,464,C3075,1197,waste,Blast,Dump,TERRERO 1038,4,820
113,2020/06/15 00:00:00,1060,464,C3075,1197,waste,Blast,Dump,TERRERO 926,4,820
114,2020/06/15 00:00:00,1060,464,C3075,1197,waste,Blast,Dump,TERRERO 986,4,820
115,2020/06/15 00:00:00,1060,464,C3075,1197,waste,Blast,InpitDump,T-1100,1,205
116,2020/06/15 00:00:00,1060,468,C3079,1192,ore,Blast,Stockpile,PATIO 20,2,400
117,2020/06/15 00:00:00,1060,468,C3079,1192,waste,Blast,Dump,TERRERO 926,10,2050
118,2020/06/15 00:00:00,1060,469,C3080,1190,ore,Blast,Stockpile,PATIO 20,3,600
119,2020/06/15 00:00:00,1060,469,C3080,1190,waste,Blast,Dump,TERRERO 1038,1,205
120,2020/06/15 00:00:00,1060,469,C3080,1190,waste,Blast,Dump,TERRERO 926,9,1845
121,2020/06/15 00:00:00,1060,470,C3081,1025,waste,Blast,Dump,TERRERO 986,20,4100
122,2020/06/15 00:00:00,1060,471,C3082,1308,waste,Blast,Dump,TERRERO 1038,2,410
123,2020/06/15 00:00:00,1060,471,C3082,1308,waste,Blast,Dump,TERRERO 926,7,1435
124,2020/06/15 00:00:00,1060,471,C3082,1308,waste,Blast,Dump,TERRERO 986,6,1230
125,2020/06/15 00:00:00,1060,551,C3088,1181,ore,Blast,Crusher,QUEBRADORA,1,200
126,2020/06/15 00:00:00,1060,551,C3088,1181,ore,Blast,Stockpile,PATIO 20,1,200
127,2020/06/15 00:00:00,1060,551,C3088,1181,waste,Blast,Dump,TERRERO 926,12,2460
128,2020/06/15 00:00:00,1060,552,C3087,1185,ore,Blast,Stockpile,PATIO 20,4,800
129,2020/06/15 00:00:00,1060,552,C3087,1185,waste,Blast,Dump,TERRERO 926,9,1845
130,2020/06/15 00:00:00,2885,447,C3056,1114,ore,Blast,Crusher,QUEBRADORA,10,1560
131,2020/06/15 00:00:00,2885,447,C3056,1114,ore,Blast,Stockpile,PATIO 20,1,156
132,2020/06/15 00:00:00,2885,448,C3057,1003,ore,Blast,Crusher,QUEBRADORA,1,156
133,2020/06/15 00:00:00,2885,448,C3057,1003,ore,Blast,Stockpile,PATIO 20,1,156
134,2020/06/15 00:00:00,2885,448,C3057,1003,ore,Stockpile,Crusher,QUEBRADORA,3,468
135,2020/06/15 00:00:00,2885,448,C3057,1003,waste,Blast,Dump,TERRERO 1038,3,480
136,2020/06/15 00:00:00,2885,448,C3057,1003,waste,Blast,Dump,TERRERO 986,4,640
137,2020/06/15 00:00:00,2885,449,C3058,1309,waste,Blast,Dump,TERRERO 1038,1,160
138,2020/06/15 00:00:00,2885,449,C3058,1309,waste,Blast,Dump,TERRERO 926,1,160
139,2020/06/15 00:00:00,2885,449,C3058,1309,waste,Blast,Dump,TERRERO 986,6,960
140,2020/06/15 00:00:00,2885,450,C3059,1233,ore,Stockpile,Crusher,QUEBRADORA,11,1716
141,2020/06/15 00:00:00,2885,450,C3059,1233,waste,Blast,Dump,TERRERO 926,1,160
142,2020/06/15 00:00:00,2885,452,C3061,1201,ore,Stockpile,Crusher,QUEBRADORA,1,156
143,2020/06/15 00:00:00,2885,452,C3061,1201,waste,Blast,Dump,TERRERO 1038,3,480
144,2020/06/15 00:00:00,2885,452,C3061,1201,waste,Blast,Dump,TERRERO 926,1,160
145,2020/06/15 00:00:00,2885,452,C3061,1201,waste,Blast,Dump,TERRERO 986,7,1120
146,2020/06/15 00:00:00,2885,453,C3062,996,waste,Blast,Dump,TERRERO 986,12,1920
147,2020/06/15 00:00:00,2885,454,C3063,1022,waste,Blast,Dump,TERRERO 986,8,1280
148,2020/06/15 00:00:00,2885,455,C3064,993,ore,Stockpile,Crusher,QUEBRADORA,15,2340
149,2020/06/15 00:00:00,2885,456,C3065,1109,ore,Blast,Crusher,QUEBRADORA,12,1872
150,2020/06/15 00:00:00,2885,458,C3067,1136,ore,Blast,Crusher,QUEBRADORA,6,936
151,2020/06/15 00:00:00,2885,458,C3067,1136,ore,Blast,Stockpile,PATIO 20,6,936
152,2020/06/15 00:00:00,2885,459,C3068,1077,ore,Stockpile,Crusher,QUEBRADORA,13,2028
153,2020/06/15 00:00:00,2885,459,C3068,1077,waste,Blast,Dump,TERRERO 1038,1,160
154,2020/06/15 00:00:00,2885,459,C3068,1077,waste,Blast,Dump,TERRERO 986,1,160
155,2020/06/15 00:00:00,2885,460,C3069,1057,waste,Blast,Dump,TERRERO 1038,5,800
156,2020/06/15 00:00:00,2885,460,C3069,1057,waste,Blast,Dump,TERRERO 986,3,480
157,2020/06/15 00:00:00,2885,462,C3071,1083,ore,Blast,Crusher,QUEBRADORA,9,1404
158,2020/06/15 00:00:00,2885,463,C3074,1034,ore,Blast,Stockpile,PATIO 20,2,400
159,2020/06/15 00:00:00,2885,464,C3075,1197,ore,Blast,Stockpile,PATIO 20,12,2400
160,2020/06/15 00:00:00,2885,464,C3075,1197,waste,Blast,Dump,TERRERO 926,1,205
161,2020/06/15 00:00:00,2885,465,C3076,1080,waste,Blast,Dump,TERRERO 1038,3,615
162,2020/06/15 00:00:00,2885,465,C3076,1080,waste,Blast,Dump,TERRERO 986,7,1435
163,2020/06/15 00:00:00,2885,466,C3077,989,ore,Blast,Crusher,QUEBRADORA,4,800
164,2020/06/15 00:00:00,2885,466,C3077,989,ore,Blast,Stockpile,PATIO 20,1,200
165,2020/06/15 00:00:00,2885,468,C3079,998,ore,Blast,Stockpile,PATIO 20,11,2200
166,2020/06/15 00:00:00,2885,468,C3079,998,waste,Blast,Dump,TERRERO 926,1,205
167,2020/06/15 00:00:00,2885,469,C3080,1074,ore,Blast,Crusher,QUEBRADORA,1,200
168,2020/06/15 00:00:00,2885,469,C3080,1074,ore,Blast,Stockpile,PATIO 20,11,2200
169,2020/06/15 00:00:00,2885,470,C3081,1004,waste,Blast,Dump,TERRERO 1038,2,410
170,2020/06/15 00:00:00,2885,470,C3081,1004,waste,Blast,Dump,TERRERO 986,6,1230
171,2020/06/15 00:00:00,2885,471,C3082,1005,ore,Blast,Crusher,QUEBRADORA,3,600
172,2020/06/15 00:00:00,2885,471,C3082,1005,ore,Blast,Stockpile,PATIO 20,11,2200
173,2020/06/15 00:00:00,2885,471,C3082,1005,waste,Blast,Dump,TERRERO 926,1,205
174,2020/06/15 00:00:00,2885,551,C3088,988,ore,Blast,Crusher,QUEBRADORA,1,200
175,2020/06/15 00:00:00,2885,551,C3088,988,ore,Blast,Stockpile,PATIO 20,11,2200
176,2020/06/15 00:00:00,2885,552,C3087,(en blanco),ore,Blast,Crusher,QUEBRADORA,2,400
177,2020/06/15 00:00:00,2885,552,C3087,1034,ore,Blast,Stockpile,PATIO 20,3,600
178,2020/06/16 00:00:00,1051,447,C3056,1059,waste,Blast,Dump,TERRERO 926,1,160
179,2020/06/16 00:00:00,1051,448,C3057,1078,ore,Blast,Crusher,QUEBRADORA,4,624
180,2020/06/16 00:00:00,1051,448,C3057,1078,ore,Blast,Stockpile,PATIO 20,4,624
181,2020/06/16 00:00:00,1051,448,C3057,1078,waste,Blast,Dump, AMPLIACION F6,6,960
182,2020/06/16 00:00:00,1051,449,C3058,1060,waste,Blast,Dump, AMPLIACION F6,2,320
183,2020/06/16 00:00:00,1051,449,C3058,1060,waste,Blast,Dump,TERRERO 926,7,1120
184,2020/06/16 00:00:00,1051,449,C3058,1060,waste,Blast,Dump,TERRERO 986,1,160
185,2020/06/16 00:00:00,1051,449,C3058,1060,waste,Blast,InpitDump,T-1100,7,1120
186,2020/06/16 00:00:00,1051,450,C3059,1007,ore,Blast,Stockpile,PATIO 20,5,780
187,2020/06/16 00:00:00,1051,450,C3059,1007,waste,Blast,Dump, AMPLIACION F6,5,800
188,2020/06/16 00:00:00,1051,450,C3059,1007,waste,Blast,Dump,TERRERO 926,4,640
189,2020/06/16 00:00:00,1051,452,C3061,1090,ore,Blast,Crusher,QUEBRADORA,3,468
190,2020/06/16 00:00:00,1051,452,C3061,1090,ore,Blast,Stockpile,PATIO 20,2,312
191,2020/06/16 00:00:00,1051,452,C3061,1090,waste,Blast,Dump, AMPLIACION F6,4,640
192,2020/06/16 00:00:00,1051,452,C3061,1090,waste,Blast,Dump,TERRERO 926,3,480
193,2020/06/16 00:00:00,1051,453,C3062,1062,ore,Blast,Crusher,QUEBRADORA,1,156
194,2020/06/16 00:00:00,1051,453,C3062,1062,waste,Blast,Dump, AMPLIACION F6,4,640
195,2020/06/16 00:00:00,1051,453,C3062,1062,waste,Blast,Dump,TERRERO 986,7,1120
196,2020/06/16 00:00:00,1051,454,C3063,(en blanco),ore,Blast,Crusher,QUEBRADORA,1,156
197,2020/06/16 00:00:00,1051,454,C3063,1147,ore,Blast,Crusher,QUEBRADORA,4,624
198,2020/06/16 00:00:00,1051,454,C3063,1147,ore,Blast,Dump,TERRERO 926,1,156
199,2020/06/16 00:00:00,1051,454,C3063,1147,waste,Blast,Dump,TERRERO 926,1,160
200,2020/06/16 00:00:00,1051,454,C3063,1147,waste,Blast,Dump,TERRERO 986,6,960
201,2020/06/16 00:00:00,1051,455,C3064,1032,ore,Stockpile,Crusher,QUEBRADORA,1,156
202,2020/06/16 00:00:00,1051,455,C3064,1059,ore,Blast,Crusher,QUEBRADORA,2,312
203,2020/06/16 00:00:00,1051,455,C3064,1059,ore,Blast,Stockpile,PATIO 20,1,156
204,2020/06/16 00:00:00,1051,455,C3064,1059,waste,Blast,Dump,TERRERO 1038,3,480
205,2020/06/16 00:00:00,1051,455,C3064,1059,waste,Blast,InpitDump,T-1100,4,640
206,2020/06/16 00:00:00,1051,456,C3065,1046,ore,Blast,Crusher,QUEBRADORA,10,1560
207,2020/06/16 00:00:00,1051,456,C3065,1046,ore,Blast,Stockpile,PATIO 20,2,312
208,2020/06/16 00:00:00,1051,458,C3067,1187,ore,Blast,Crusher,QUEBRADORA,9,1404
209,2020/06/16 00:00:00,1051,458,C3067,1187,ore,Blast,Stockpile,PATIO 12,1,156
210,2020/06/16 00:00:00,1051,459,C3068,1250,ore,Blast,Stockpile,PATIO 20,6,936
211,2020/06/16 00:00:00,1051,459,C3068,1250,waste,Blast,Dump,TERRERO 1038,2,320
212,2020/06/16 00:00:00,1051,459,C3068,1250,waste,Blast,Dump,TERRERO 986,7,1120
213,2020/06/16 00:00:00,1051,460,C3069,1115,waste,Blast,Dump,TERRERO 1038,2,320
214,2020/06/16 00:00:00,1051,460,C3069,1115,waste,Blast,Dump,TERRERO 986,2,320
215,2020/06/16 00:00:00,1051,462,C3071,1185,ore,Blast,Crusher,QUEBRADORA,12,1872
216,2020/06/16 00:00:00,1051,463,C3074,1110,ore,Blast,Stockpile,PATIO 20,16,3200
217,2020/06/16 00:00:00,1051,464,C3075,1045,ore,Blast,Crusher,QUEBRADORA,1,200
218,2020/06/16 00:00:00,1051,464,C3075,1045,ore,Blast,Stockpile,PATIO 20,14,2800
219,2020/06/16 00:00:00,1051,465,C3076,1163,waste,Blast,Dump,TERRERO 986,3,615
220,2020/06/16 00:00:00,1051,465,C3076,1169,ore,Blast,Dump,TERRERO 986,1,200
221,2020/06/16 00:00:00,1051,465,C3076,1169,ore,Blast,Stockpile,PATIO 20,3,600
222,2020/06/16 00:00:00,1051,465,C3076,1169,waste,Blast,Dump,TERRERO 1038,1,205
223,2020/06/16 00:00:00,1051,465,C3076,1169,waste,Blast,Dump,TERRERO 986,7,1435
224,2020/06/16 00:00:00,1051,466,C3077,1155,ore,Blast,Crusher,QUEBRADORA,5,1000
225,2020/06/16 00:00:00,1051,466,C3077,1155,ore,Blast,Stockpile,PATIO 20,3,600
226,2020/06/16 00:00:00,1051,468,C3079,1084,ore,Blast,Stockpile,PATIO 20,14,2800
227,2020/06/16 00:00:00,1051,469,C3080,1163,ore,Blast,Crusher,QUEBRADORA,1,200
228,2020/06/16 00:00:00,1051,469,C3080,1163,ore,Blast,Stockpile,PATIO 20,2,400
229,2020/06/16 00:00:00,1051,470,C3081,1158,ore,Blast,Stockpile,PATIO 20,6,1200
230,2020/06/16 00:00:00,1051,470,C3081,1158,waste,Blast,Dump,TERRERO 986,9,1845
231,2020/06/16 00:00:00,1051,471,C3082,1044,ore,Blast,Crusher,QUEBRADORA,6,1200
232,2020/06/16 00:00:00,1051,471,C3082,1044,ore,Blast,Stockpile,PATIO 20,8,1600
233,2020/06/16 00:00:00,1051,551,C3088,1162,ore,Blast,Crusher,QUEBRADORA,4,800
234,2020/06/16 00:00:00,1051,551,C3088,1162,ore,Blast,Stockpile,PATIO 20,8,1600
235,2020/06/16 00:00:00,1051,552,C3087,1006,ore,Blast,Stockpile,PATIO 20,4,800
236,2020/06/16 00:00:00,1051,552,C3087,1006,waste,Blast,Dump,TERRERO 1038,6,1230
237,2020/06/16 00:00:00,1051,552,C3087,1006,waste,Blast,Dump,TERRERO 986,1,205
238,2020/06/16 00:00:00,1051,554,CEMD,(en blanco),waste,Blast,Dump,TERRERO 926,1,85
239,2020/06/16 00:00:00,1051,561,EM357,(en blanco),waste,Blast,Dump,TERRERO 926,133,11305
240,2020/06/16 00:00:00,1060,447,C3056,1308,ore,Blast,Dump,TERRERO 926,1,156
241,2020/06/16 00:00:00,1060,447,C3056,1308,ore,Stockpile,Crusher,QUEBRADORA,1,156
242,2020/06/16 00:00:00,1060,447,C3056,1308,waste,Blast,Dump,TERRERO 926,5,800
243,2020/06/16 00:00:00,1060,448,C3057,1089,ore,Blast,Crusher,QUEBRADORA,4,624
244,2020/06/16 00:00:00,1060,448,C3057,1089,waste,Blast,Dump,TERRERO 926,3,480
245,2020/06/16 00:00:00,1060,448,C3057,1089,waste,Blast,Dump,TERRERO 986,6,960
246,2020/06/16 00:00:00,1060,448,C3057,1089,waste,Blast,InpitDump,T-1100,3,480
247,2020/06/16 00:00:00,1060,449,C3058,1310,waste,Blast,Dump,TERRERO 1038,1,160
248,2020/06/16 00:00:00,1060,449,C3058,1310,waste,Blast,Dump,TERRERO 926,8,1280
249,2020/06/16 00:00:00,1060,449,C3058,1310,waste,Blast,Dump,TERRERO 986,2,320
250,2020/06/16 00:00:00,1060,450,C3059,1133,ore,Blast,Crusher,QUEBRADORA,2,312
251,2020/06/16 00:00:00,1060,450,C3059,1133,ore,Blast,Stockpile,PATIO 20,7,1092
252,2020/06/16 00:00:00,1060,452,C3061,1094,ore,Blast,Crusher,QUEBRADORA,7,1092
253,2020/06/16 00:00:00,1060,453,C3062,1140,ore,Blast,Crusher,QUEBRADORA,7,1092
254,2020/06/16 00:00:00,1060,454,C3063,1014,ore,Blast,Crusher,QUEBRADORA,7,1092
255,2020/06/16 00:00:00,1060,454,C3063,1014,waste,Blast,Dump,TERRERO 986,1,160
256,2020/06/16 00:00:00,1060,455,C3064,1124,waste,Blast,Dump,TERRERO 926,13,2080
257,2020/06/16 00:00:00,1060,455,C3064,1124,waste,Blast,Dump,TERRERO 986,1,160
258,2020/06/16 00:00:00,1060,456,C3065,1308,ore,Blast,Crusher,QUEBRADORA,2,312
259,2020/06/16 00:00:00,1060,458,C3067,1107,ore,Blast,Crusher,QUEBRADORA,6,936
260,2020/06/16 00:00:00,1060,459,C3068,1253,ore,Blast,Crusher,QUEBRADORA,4,624
261,2020/06/16 00:00:00,1060,459,C3068,1253,ore,Blast,Stockpile,PATIO 20,5,780
262,2020/06/16 00:00:00,1060,462,C3071,1185,ore,Blast,Crusher,QUEBRADORA,6,936
263,2020/06/16 00:00:00,1060,463,C3074,1168,ore,Blast,Crusher,QUEBRADORA,2,400
264,2020/06/16 00:00:00,1060,463,C3074,1168,ore,Blast,Stockpile,PATIO 20,1,200
265,2020/06/16 00:00:00,1060,463,C3074,1168,waste,Blast,Dump,TERRERO 926,4,820
266,2020/06/16 00:00:00,1060,463,C3074,1168,waste,Blast,Dump,TERRERO 986,2,410
267,2020/06/16 00:00:00,1060,464,C3075,1197,ore,Blast,Crusher,QUEBRADORA,1,200
268,2020/06/16 00:00:00,1060,464,C3075,1197,ore,Blast,Stockpile,PATIO 20,1,200
269,2020/06/16 00:00:00,1060,464,C3075,1197,waste,Blast,Dump,TERRERO 926,5,1025
270,2020/06/16 00:00:00,1060,464,C3075,1197,waste,Blast,Dump,TERRERO 986,3,615
271,2020/06/16 00:00:00,1060,464,C3075,1197,waste,Blast,InpitDump,T-1100,1,205
272,2020/06/16 00:00:00,1060,465,C3076,1001,ore,Blast,Crusher,QUEBRADORA,1,200
273,2020/06/16 00:00:00,1060,465,C3076,1001,ore,Blast,Stockpile,PATIO 20,6,1200
274,2020/06/16 00:00:00,1060,465,C3076,1001,waste,Blast,Dump,TERRERO 1038,1,205
275,2020/06/16 00:00:00,1060,465,C3076,1001,waste,Blast,Dump,TERRERO 926,2,410
276,2020/06/16 00:00:00,1060,465,C3076,1001,waste,Blast,Dump,TERRERO 986,1,205
277,2020/06/16 00:00:00,1060,468,C3079,1050,ore,Blast,Crusher,QUEBRADORA,5,1000
278,2020/06/16 00:00:00,1060,468,C3079,1050,waste,Blast,Dump,TERRERO 926,4,820
279,2020/06/16 00:00:00,1060,469,C3080,1029,ore,Blast,Crusher,QUEBRADORA,3,600
280,2020/06/16 00:00:00,1060,469,C3080,1029,ore,Blast,Stockpile,PATIO 20,1,200
281,2020/06/16 00:00:00,1060,470,C3081,1131,ore,Blast,Stockpile,PATIO 20,2,400
282,2020/06/16 00:00:00,1060,470,C3081,1131,waste,Blast,Dump,TERRERO 926,7,1435
283,2020/06/16 00:00:00,1060,470,C3081,1131,waste,Blast,Dump,TERRERO 986,2,410
284,2020/06/16 00:00:00,1060,471,C3082,1097,ore,Blast,Crusher,QUEBRADORA,2,400
285,2020/06/16 00:00:00,1060,471,C3082,1097,ore,Blast,Stockpile,PATIO 20,6,1200
286,2020/06/16 00:00:00,1060,471,C3082,1097,waste,Blast,Dump,TERRERO 926,4,820
287,2020/06/16 00:00:00,1060,472,C3083,1100,waste,Blast,Dump,TERRERO 1038,1,205
288,2020/06/16 00:00:00,1060,472,C3083,1100,waste,Blast,Dump,TERRERO 926,2,410
289,2020/06/16 00:00:00,1060,551,C3088,1025,ore,Blast,Stockpile,PATIO 20,2,400
290,2020/06/16 00:00:00,1060,551,C3088,1025,waste,Blast,Dump,TERRERO 926,12,2460
291,2020/06/16 00:00:00,1060,552,C3087,1251,ore,Blast,Stockpile,PATIO 20,1,200
292,2020/06/16 00:00:00,1060,552,C3087,1251,waste,Blast,Dump,TERRERO 926,10,2050
293,2020/06/16 00:00:00,1060,552,C3087,1251,waste,Blast,InpitDump,T-1100,1,205
294,2020/06/16 00:00:00,2885,447,C3056,993,ore,Blast,Crusher,QUEBRADORA,2,312
295,2020/06/16 00:00:00,2885,447,C3056,993,waste,Blast,Dump, AMPLIACION F6,1,160
296,2020/06/16 00:00:00,2885,447,C3056,993,waste,Blast,Dump,TERRERO 926,1,160
297,2020/06/16 00:00:00,2885,447,C3056,1309,ore,Blast,Crusher,QUEBRADORA,1,156
298,2020/06/16 00:00:00,2885,447,C3056,1309,ore,Blast,Stockpile,PATIO 20,1,156
299,2020/06/16 00:00:00,2885,447,C3056,1309,ore,Stockpile,Crusher,QUEBRADORA,1,156
300,2020/06/16 00:00:00,2885,447,C3056,1309,waste,Blast,Dump,TERRERO 926,2,320
301,2020/06/16 00:00:00,2885,448,C3057,1005,ore,Blast,Crusher,QUEBRADORA,1,156
302,2020/06/16 00:00:00,2885,448,C3057,1005,ore,Stockpile,Crusher,QUEBRADORA,15,2340
303,2020/06/16 00:00:00,2885,449,C3058,1003,ore,Stockpile,Crusher,QUEBRADORA,1,156
304,2020/06/16 00:00:00,2885,449,C3058,1003,waste,Blast,Dump,TERRERO 1038,5,800
305,2020/06/16 00:00:00,2885,449,C3058,1003,waste,Blast,Dump,TERRERO 926,2,320
306,2020/06/16 00:00:00,2885,449,C3058,1003,waste,Blast,Dump,TERRERO 986,1,160
307,2020/06/16 00:00:00,2885,450,C3059,1081,ore,Blast,Dump,TERRERO 926,1,156
308,2020/06/16 00:00:00,2885,450,C3059,1081,ore,Stockpile,Crusher,QUEBRADORA,13,2028
309,2020/06/16 00:00:00,2885,452,C3061,1201,ore,Blast,Crusher,QUEBRADORA,5,780
310,2020/06/16 00:00:00,2885,452,C3061,1201,waste,Blast,Dump, AMPLIACION F6,8,1280
311,2020/06/16 00:00:00,2885,452,C3061,1201,waste,Blast,Dump,TERRERO 926,2,320
312,2020/06/16 00:00:00,2885,453,C3062,998,ore,Blast,Crusher,QUEBRADORA,1,156
313,2020/06/16 00:00:00,2885,453,C3062,998,waste,Blast,Dump, AMPLIACION F6,3,480
314,2020/06/16 00:00:00,2885,453,C3062,998,waste,Blast,Dump,TERRERO 926,3,480
315,2020/06/16 00:00:00,2885,454,C3063,997,ore,Blast,Crusher,QUEBRADORA,1,156
316,2020/06/16 00:00:00,2885,454,C3063,997,waste,Blast,Dump, AMPLIACION F6,4,640
317,2020/06/16 00:00:00,2885,454,C3063,1022,waste,Blast,Dump, AMPLIACION F6,6,960
318,2020/06/16 00:00:00,2885,454,C3063,1022,waste,Blast,Dump,TERRERO 926,2,320
319,2020/06/16 00:00:00,2885,455,C3064,(en blanco),waste,Blast,Dump, AMPLIACION F6,1,160
320,2020/06/16 00:00:00,2885,455,C3064,993,waste,Blast,Dump, AMPLIACION F6,2,320
321,2020/06/16 00:00:00,2885,456,C3065,1024,waste,Blast,Dump, AMPLIACION F6,6,960
322,2020/06/16 00:00:00,2885,456,C3065,1109,ore,Blast,Crusher,QUEBRADORA,1,156
323,2020/06/16 00:00:00,2885,456,C3065,1109,waste,Blast,Dump, AMPLIACION F6,8,1280
324,2020/06/16 00:00:00,2885,458,C3067,1077,ore,Blast,Crusher,QUEBRADORA,2,312
325,2020/06/16 00:00:00,2885,458,C3067,1077,waste,Blast,Dump, AMPLIACION F6,7,1120
326,2020/06/16 00:00:00,2885,458,C3067,1077,waste,Blast,Dump,TERRERO 926,2,320
327,2020/06/16 00:00:00,2885,459,C3068,1034,ore,Blast,Crusher,QUEBRADORA,3,468
328,2020/06/16 00:00:00,2885,459,C3068,1034,waste,Blast,Dump, AMPLIACION F6,11,1760
329,2020/06/16 00:00:00,2885,459,C3068,1034,waste,Blast,Dump,TERRERO 926,2,320
330,2020/06/16 00:00:00,2885,462,C3071,1080,ore,Stockpile,Crusher,QUEBRADORA,13,2028
331,2020/06/16 00:00:00,2885,463,C3074,1004,waste,Blast,Dump,TERRERO 1038,3,615
332,2020/06/16 00:00:00,2885,463,C3074,1004,waste,Blast,Dump,TERRERO 926,3,615
333,2020/06/16 00:00:00,2885,463,C3074,1004,waste,Blast,Dump,TERRERO 986,3,615
334,2020/06/16 00:00:00,2885,464,C3075,1057,ore,Stockpile,Dump,TERRERO 986,1,200
335,2020/06/16 00:00:00,2885,464,C3075,1057,waste,Blast,Dump,TERRERO 1038,1,205
336,2020/06/16 00:00:00,2885,464,C3075,1057,waste,Blast,Dump,TERRERO 926,2,410
337,2020/06/16 00:00:00,2885,464,C3075,1057,waste,Blast,Dump,TERRERO 986,6,1230
338,2020/06/16 00:00:00,2885,465,C3076,988,ore,Stockpile,Dump,TERRERO 1038,1,200
339,2020/06/16 00:00:00,2885,465,C3076,988,waste,Blast,Dump,TERRERO 1038,3,615
340,2020/06/16 00:00:00,2885,465,C3076,988,waste,Blast,Dump,TERRERO 926,2,410
341,2020/06/16 00:00:00,2885,465,C3076,988,waste,Blast,Dump,TERRERO 986,5,1025
342,2020/06/16 00:00:00,2885,466,C3077,989,waste,Blast,Dump,TERRERO 926,1,205
343,2020/06/16 00:00:00,2885,468,C3079,1074,waste,Blast,Dump,TERRERO 1038,3,615
344,2020/06/16 00:00:00,2885,468,C3079,1074,waste,Blast,Dump,TERRERO 926,2,410
345,2020/06/16 00:00:00,2885,468,C3079,1074,waste,Blast,Dump,TERRERO 986,4,820
346,2020/06/16 00:00:00,2885,469,C3080,1114,waste,Blast,Dump,TERRERO 1038,6,1230
347,2020/06/16 00:00:00,2885,469,C3080,1114,waste,Blast,Dump,TERRERO 926,2,410
348,2020/06/16 00:00:00,2885,469,C3080,1114,waste,Blast,Dump,TERRERO 986,1,205
349,2020/06/16 00:00:00,2885,470,C3081,1265,waste,Blast,Dump,TERRERO 926,2,410
350,2020/06/16 00:00:00,2885,470,C3081,1265,waste,Blast,Dump,TERRERO 986,7,1435
351,2020/06/16 00:00:00,2885,471,C3082,996,ore,Stockpile,Crusher,QUEBRADORA,1,200
352,2020/06/16 00:00:00,2885,471,C3082,996,waste,Blast,Dump,TERRERO 1038,1,205
353,2020/06/16 00:00:00,2885,471,C3082,996,waste,Blast,Dump,TERRERO 926,2,410
354,2020/06/16 00:00:00,2885,471,C3082,996,waste,Blast,Dump,TERRERO 986,7,1435
355,2020/06/16 00:00:00,2885,472,C3083,1083,waste,Blast,Dump,TERRERO 1038,2,410
356,2020/06/16 00:00:00,2885,472,C3083,1083,waste,Blast,Dump,TERRERO 926,2,410
357,2020/06/16 00:00:00,2885,472,C3083,1083,waste,Blast,Dump,TERRERO 986,6,1230
358,2020/06/16 00:00:00,2885,551,C3088,1236,waste,Blast,Dump,TERRERO 1038,5,1025
359,2020/06/16 00:00:00,2885,551,C3088,1236,waste,Blast,Dump,TERRERO 926,4,820
360,2020/06/16 00:00:00,2885,552,C3087,1200,waste,Blast,Dump,TERRERO 926,3,615
361,2020/06/16 00:00:00,2885,552,C3087,1200,waste,Blast,Dump,TERRERO 986,6,1230
362,2020/06/17 00:00:00,1051,447,C3056,1059,ore,Blast,Crusher,QUEBRADORA,9,1404
363,2020/06/17 00:00:00,1051,447,C3056,1059,ore,Blast,Stockpile,PATIO 32,1,156
364,2020/06/17 00:00:00,1051,447,C3056,1059,waste,Blast,Dump, AMPLIACION F6,1,160
365,2020/06/17 00:00:00,1051,448,C3057,1099,ore,Blast,Crusher,QUEBRADORA,3,468
366,2020/06/17 00:00:00,1051,448,C3057,1139,ore,Blast,Crusher,QUEBRADORA,5,780
367,2020/06/17 00:00:00,1051,448,C3057,1139,ore,Blast,Stockpile,PATIO 20,3,468
368,2020/06/17 00:00:00,1051,448,C3057,1139,ore,Stockpile,Crusher,QUEBRADORA,1,156
369,2020/06/17 00:00:00,1051,449,C3058,1060,ore,Stockpile,Crusher,QUEBRADORA,2,312
370,2020/06/17 00:00:00,1051,450,C3059,1257,ore,Blast,Crusher,QUEBRADORA,8,1248
371,2020/06/17 00:00:00,1051,450,C3059,1257,ore,Stockpile,Crusher,QUEBRADORA,2,312
372,2020/06/17 00:00:00,1051,452,C3061,1115,ore,Blast,Crusher,QUEBRADORA,5,780
373,2020/06/17 00:00:00,1051,452,C3061,1115,ore,Blast,Stockpile,PATIO 32,1,156
374,2020/06/17 00:00:00,1051,452,C3061,1115,waste,Blast,Dump, AMPLIACION F6,4,640
375,2020/06/17 00:00:00,1051,452,C3061,1115,waste,Blast,Dump,TERRERO 986,1,160
376,2020/06/17 00:00:00,1051,453,C3062,1062,ore,Blast,Crusher,QUEBRADORA,8,1248
377,2020/06/17 00:00:00,1051,453,C3062,1062,ore,Blast,Stockpile,PATIO 20,2,312
378,2020/06/17 00:00:00,1051,453,C3062,1062,waste,Blast,Dump, AMPLIACION F6,2,320
379,2020/06/17 00:00:00,1051,454,C3063,1025,ore,Blast,Crusher,QUEBRADORA,5,780
380,2020/06/17 00:00:00,1051,454,C3063,1025,waste,Blast,Dump, AMPLIACION F6,7,1120
381,2020/06/17 00:00:00,1051,455,C3064,(en blanco),ore,Blast,Stockpile,PATIO 32,1,156
382,2020/06/17 00:00:00,1051,455,C3064,1046,ore,Blast,Stockpile,PATIO 32,4,624
383,2020/06/17 00:00:00,1051,455,C3064,1046,waste,Blast,Dump, AMPLIACION F6,5,800
384,2020/06/17 00:00:00,1051,455,C3064,1051,waste,Blast,Dump,TERRERO 926,1,160
385,2020/06/17 00:00:00,1051,456,C3065,1045,ore,Blast,Crusher,QUEBRADORA,1,156
386,2020/06/17 00:00:00,1051,458,C3067,1172,ore,Blast,Crusher,QUEBRADORA,1,156
387,2020/06/17 00:00:00,1051,458,C3067,1172,ore,Blast,Stockpile,PATIO 32,4,624
388,2020/06/17 00:00:00,1051,458,C3067,1172,waste,Blast,Dump, AMPLIACION F6,10,1600
389,2020/06/17 00:00:00,1051,458,C3067,1172,waste,Blast,Dump,TERRERO 1038,1,160
390,2020/06/17 00:00:00,1051,458,C3067,1172,waste,Blast,Dump,TERRERO 926,1,160
391,2020/06/17 00:00:00,1051,459,C3068,1035,ore,Blast,Crusher,QUEBRADORA,5,780
392,2020/06/17 00:00:00,1051,459,C3068,1035,ore,Blast,Stockpile,PATIO 20,2,312
393,2020/06/17 00:00:00,1051,459,C3068,1035,waste,Blast,Dump, AMPLIACION F6,3,480
394,2020/06/17 00:00:00,1051,459,C3068,1035,waste,Blast,Dump,TERRERO 1038,1,160
395,2020/06/17 00:00:00,1051,460,C3069,1029,ore,Blast,Crusher,QUEBRADORA,2,312
396,2020/06/17 00:00:00,1051,462,C3071,1060,waste,Blast,Dump,TERRERO 986,26,4160
397,2020/06/17 00:00:00,1051,462,C3071,1192,waste,Blast,InpitDump,T-1100,1,160
398,2020/06/17 00:00:00,1051,462,C3071,1256,waste,Blast,InpitDump,T-1100,1,160
399,2020/06/17 00:00:00,1051,463,C3074,1110,waste,Blast,Dump, AMPLIACION F6,11,2255
400,2020/06/17 00:00:00,1051,463,C3074,1110,waste,Blast,Dump,TERRERO 986,2,410
401,2020/06/17 00:00:00,1051,464,C3075,1045,waste,Blast,Dump,TERRERO 926,2,410
402,2020/06/17 00:00:00,1051,464,C3075,1045,waste,Blast,Dump,TERRERO 986,1,205
403,2020/06/17 00:00:00,1051,465,C3076,1120,ore,Blast,Crusher,QUEBRADORA,2,400
404,2020/06/17 00:00:00,1051,465,C3076,1120,ore,Blast,Stockpile,PATIO 32,3,600
405,2020/06/17 00:00:00,1051,465,C3076,1120,waste,Blast,Dump, AMPLIACION F6,1,205
406,2020/06/17 00:00:00,1051,465,C3076,1120,waste,Blast,Dump,TERRERO 1038,2,410
407,2020/06/17 00:00:00,1051,465,C3076,1120,waste,Blast,Dump,TERRERO 986,1,205
408,2020/06/17 00:00:00,1051,465,C3076,1120,waste,Blast,InpitDump,T-1100,1,205
409,2020/06/17 00:00:00,1051,468,C3079,1006,ore,Blast,Crusher,QUEBRADORA,1,200
410,2020/06/17 00:00:00,1051,468,C3079,1006,ore,Blast,Stockpile,PATIO 20,2,400
411,2020/06/17 00:00:00,1051,468,C3079,1006,ore,Blast,Stockpile,PATIO 32,1,200
412,2020/06/17 00:00:00,1051,468,C3079,1006,waste,Blast,Dump,TERRERO 926,2,410
413,2020/06/17 00:00:00,1051,468,C3079,1006,waste,Blast,Dump,TERRERO 986,2,410
414,2020/06/17 00:00:00,1051,469,C3080,1181,ore,Blast,Crusher,QUEBRADORA,1,200
415,2020/06/17 00:00:00,1051,469,C3080,1181,ore,Blast,Stockpile,PATIO 32,5,1000
416,2020/06/17 00:00:00,1051,469,C3080,1181,waste,Blast,Dump, AMPLIACION F6,2,410
417,2020/06/17 00:00:00,1051,469,C3080,1181,waste,Blast,Dump,TERRERO 1038,1,205
418,2020/06/17 00:00:00,1051,469,C3080,1181,waste,Blast,InpitDump,T-1100,1,205
419,2020/06/17 00:00:00,1051,470,C3081,1113,ore,Blast,Stockpile,PATIO 32,4,800
420,2020/06/17 00:00:00,1051,470,C3081,1113,waste,Blast,Dump, AMPLIACION F6,4,820
421,2020/06/17 00:00:00,1051,470,C3081,1113,waste,Blast,Dump,TERRERO 986,2,410
422,2020/06/17 00:00:00,1051,471,C3082,1044,ore,Blast,Crusher,QUEBRADORA,1,200
423,2020/06/17 00:00:00,1051,471,C3082,1044,ore,Blast,Stockpile,PATIO 32,5,1000
424,2020/06/17 00:00:00,1051,471,C3082,1044,waste,Blast,Dump, AMPLIACION F6,4,820
425,2020/06/17 00:00:00,1051,471,C3082,1044,waste,Blast,Dump,TERRERO 1038,1,205
426,2020/06/17 00:00:00,1051,471,C3082,1044,waste,Blast,Dump,TERRERO 986,1,205
427,2020/06/17 00:00:00,1051,472,C3083,1137,ore,Blast,Crusher,QUEBRADORA,2,400
428,2020/06/17 00:00:00,1051,472,C3083,1137,ore,Blast,Stockpile,PATIO 32,4,800
429,2020/06/17 00:00:00,1051,551,C3088,1134,waste,Blast,Dump, AMPLIACION F6,9,1845
430,2020/06/17 00:00:00,1051,551,C3088,1134,waste,Blast,Dump,TERRERO 986,2,410
431,2020/06/17 00:00:00,1051,552,C3087,1190,ore,Blast,Crusher,QUEBRADORA,3,600
432,2020/06/17 00:00:00,1051,552,C3087,1190,waste,Blast,Dump, AMPLIACION F6,6,1230
433,2020/06/17 00:00:00,1060,447,C3056,1310,ore,Blast,Crusher,QUEBRADORA,2,312
434,2020/06/17 00:00:00,1060,447,C3056,1310,ore,Stockpile,Crusher,QUEBRADORA,15,2340
435,2020/06/17 00:00:00,1060,448,C3057,1094,ore,Blast,Crusher,QUEBRADORA,16,2496
436,2020/06/17 00:00:00,1060,449,C3058,1192,ore,Blast,Stockpile,PATIO 32,6,936
437,2020/06/17 00:00:00,1060,450,C3059,1129,ore,Stockpile,Crusher,QUEBRADORA,16,2496
438,2020/06/17 00:00:00,1060,452,C3061,1101,ore,Blast,Stockpile,PATIO 32,8,1248
439,2020/06/17 00:00:00,1060,452,C3061,1101,ore,Stockpile,Crusher,QUEBRADORA,8,1248
440,2020/06/17 00:00:00,1060,453,C3062,1124,ore,Blast,Crusher,QUEBRADORA,2,312
441,2020/06/17 00:00:00,1060,453,C3062,1124,ore,Blast,Stockpile,PATIO 32,8,1248
442,2020/06/17 00:00:00,1060,453,C3062,1124,ore,Stockpile,Crusher,QUEBRADORA,5,780
443,2020/06/17 00:00:00,1060,454,C3063,1014,ore,Blast,Crusher,QUEBRADORA,12,1872
444,2020/06/17 00:00:00,1060,455,C3064,1133,ore,Blast,Crusher,QUEBRADORA,14,2184
445,2020/06/17 00:00:00,1060,456,C3065,1197,ore,Blast,Crusher,QUEBRADORA,15,2340
446,2020/06/17 00:00:00,1060,458,C3067,1107,waste,Blast,Dump,TERRERO 986,1,160
447,2020/06/17 00:00:00,1060,458,C3067,1107,waste,Blast,InpitDump,T-1100,18,2880
448,2020/06/17 00:00:00,1060,459,C3068,1140,ore,Blast,Stockpile,PATIO 32,7,1092
449,2020/06/17 00:00:00,1060,459,C3068,1140,waste,Blast,Dump,TERRERO 986,1,160
450,2020/06/17 00:00:00,1060,459,C3068,1140,waste,Blast,InpitDump,T-1100,6,960
451,2020/06/17 00:00:00,1060,460,C3069,1191,ore,Blast,Crusher,QUEBRADORA,4,624
452,2020/06/17 00:00:00,1060,460,C3069,1191,ore,Blast,Stockpile,PATIO 32,9,1404
453,2020/06/17 00:00:00,1060,462,C3071,1100,ore,Stockpile,Crusher,QUEBRADORA,2,312
454,2020/06/17 00:00:00,1060,462,C3071,1100,waste,Blast,Dump,TERRERO 986,33,5280
455,2020/06/17 00:00:00,1060,463,C3074,1185,waste,Blast,InpitDump,T-1100,4,820
456,2020/06/17 00:00:00,1060,464,C3075,1029,ore,Blast,Stockpile,PATIO 32,4,800
457,2020/06/17 00:00:00,1060,465,C3076,1089,ore,Blast,Stockpile,PATIO 32,10,2000
458,2020/06/17 00:00:00,1060,465,C3076,1089,ore,Stockpile,Crusher,QUEBRADORA,1,200
459,2020/06/17 00:00:00,1060,465,C3076,1089,waste,Blast,Dump,TERRERO 986,5,1025
460,2020/06/17 00:00:00,1060,465,C3076,1089,waste,Blast,InpitDump,T-1100,2,410
461,2020/06/17 00:00:00,1060,466,C3077,1050,ore,Blast,Stockpile,PATIO 32,2,400
462,2020/06/17 00:00:00,1060,468,C3079,1050,waste,Blast,InpitDump,T-1100,1,205
463,2020/06/17 00:00:00,1060,469,C3080,1018,ore,Blast,Stockpile,PATIO 32,10,2000
464,2020/06/17 00:00:00,1060,469,C3080,1018,waste,Blast,Dump,TERRERO 986,2,410
465,2020/06/17 00:00:00,1060,469,C3080,1018,waste,Blast,InpitDump,T-1100,4,820
466,2020/06/17 00:00:00,1060,470,C3081,1025,waste,Blast,Dump,TERRERO 986,14,2870
467,2020/06/17 00:00:00,1060,470,C3081,1025,waste,Blast,InpitDump,T-1100,4,820
468,2020/06/17 00:00:00,1060,471,C3082,1097,waste,Blast,Dump,TERRERO 986,19,3895
469,2020/06/17 00:00:00,1060,471,C3082,1097,waste,Blast,InpitDump,T-1100,1,205
470,2020/06/17 00:00:00,1060,472,C3083,1251,ore,Blast,Stockpile,PATIO 32,17,3400
471,2020/06/17 00:00:00,1060,551,C3088,1001,waste,Blast,Dump,TERRERO 986,11,2255
472,2020/06/17 00:00:00,1060,551,C3088,1001,waste,Blast,InpitDump,T-1100,9,1845
473,2020/06/17 00:00:00,1060,552,C3087,1131,waste,Blast,Dump,TERRERO 986,12,2460
474,2020/06/17 00:00:00,1060,552,C3087,1131,waste,Blast,InpitDump,T-1100,6,1230
475,2020/06/17 00:00:00,2885,447,C3056,(en blanco),ore,Stockpile,Crusher,QUEBRADORA,2,312
476,2020/06/17 00:00:00,2885,447,C3056,1193,ore,Stockpile,Crusher,QUEBRADORA,3,468
477,2020/06/17 00:00:00,2885,447,C3056,1193,waste,Blast,Dump,TERRERO 1038,3,480
478,2020/06/17 00:00:00,2885,447,C3056,1193,waste,Blast,Dump,TERRERO 986,1,160
479,2020/06/17 00:00:00,2885,448,C3057,(en blanco),ore,Blast,Crusher,QUEBRADORA,1,156
480,2020/06/17 00:00:00,2885,448,C3057,999,ore,Blast,Crusher,QUEBRADORA,1,156
481,2020/06/17 00:00:00,2885,448,C3057,999,ore,Blast,Stockpile,PATIO 32,7,1092
482,2020/06/17 00:00:00,2885,449,C3058,1003,ore,Blast,Crusher,QUEBRADORA,4,624
483,2020/06/17 00:00:00,2885,449,C3058,1003,ore,Blast,Stockpile,PATIO 32,1,156
484,2020/06/17 00:00:00,2885,449,C3058,1022,ore,Blast,Crusher,QUEBRADORA,5,780
485,2020/06/17 00:00:00,2885,450,C3059,(en blanco),ore,Stockpile,Crusher,QUEBRADORA,2,312
486,2020/06/17 00:00:00,2885,450,C3059,1109,ore,Stockpile,Crusher,QUEBRADORA,3,468
487,2020/06/17 00:00:00,2885,450,C3059,1109,waste,Blast,Dump,TERRERO 1038,3,480
488,2020/06/17 00:00:00,2885,450,C3059,1109,waste,Blast,Dump,TERRERO 986,1,160
489,2020/06/17 00:00:00,2885,452,C3061,(en blanco),ore,Blast,Stockpile,PATIO 32,1,156
490,2020/06/17 00:00:00,2885,452,C3061,1265,ore,Blast,Crusher,QUEBRADORA,1,156
491,2020/06/17 00:00:00,2885,452,C3061,1265,ore,Blast,Stockpile,PATIO 32,11,1716
492,2020/06/17 00:00:00,2885,453,C3062,998,ore,Blast,Crusher,QUEBRADORA,4,624
493,2020/06/17 00:00:00,2885,453,C3062,998,ore,Blast,Stockpile,PATIO 32,1,156
494,2020/06/17 00:00:00,2885,453,C3062,1057,ore,Blast,Crusher,QUEBRADORA,4,624
495,2020/06/17 00:00:00,2885,454,C3063,(en blanco),ore,Blast,Crusher,QUEBRADORA,1,156
496,2020/06/17 00:00:00,2885,454,C3063,1074,ore,Blast,Crusher,QUEBRADORA,3,468
497,2020/06/17 00:00:00,2885,454,C3063,1074,ore,Blast,Stockpile,PATIO 32,6,936
498,2020/06/17 00:00:00,2885,455,C3064,(en blanco),ore,Blast,Crusher,QUEBRADORA,1,156
499,2020/06/17 00:00:00,2885,455,C3064,993,ore,Blast,Crusher,QUEBRADORA,4,624
500,2020/06/17 00:00:00,2885,455,C3064,1133,ore,Blast,Crusher,QUEBRADORA,3,468
501,2020/06/17 00:00:00,2885,456,C3065,(en blanco),ore,Blast,Crusher,QUEBRADORA,1,156
502,2020/06/17 00:00:00,2885,456,C3065,1081,ore,Blast,Crusher,QUEBRADORA,3,468
503,2020/06/17 00:00:00,2885,456,C3065,1081,ore,Blast,Stockpile,PATIO 32,5,780
504,2020/06/17 00:00:00,2885,458,C3067,(en blanco),waste,Blast,InpitDump,T-1100,2,320
505,2020/06/17 00:00:00,2885,458,C3067,1309,waste,Blast,Dump,TERRERO 1038,1,160
506,2020/06/17 00:00:00,2885,458,C3067,1309,waste,Blast,Dump,TERRERO 986,4,640
507,2020/06/17 00:00:00,2885,459,C3068,1077,ore,Blast,Crusher,QUEBRADORA,1,156
508,2020/06/17 00:00:00,2885,459,C3068,1077,ore,Blast,Stockpile,PATIO 20,7,1092
509,2020/06/17 00:00:00,2885,459,C3068,1077,ore,Blast,Stockpile,PATIO 32,2,312
510,2020/06/17 00:00:00,2885,460,C3069,(en blanco),ore,Blast,Stockpile,PATIO 32,1,156
511,2020/06/17 00:00:00,2885,460,C3069,1114,ore,Blast,Crusher,QUEBRADORA,8,1248
512,2020/06/17 00:00:00,2885,460,C3069,1114,ore,Blast,Stockpile,PATIO 32,1,156
513,2020/06/17 00:00:00,2885,462,C3071,(en blanco),waste,Blast,Dump,TERRERO 986,3,480
514,2020/06/17 00:00:00,2885,462,C3071,1080,ore,Stockpile,Crusher,QUEBRADORA,1,156
515,2020/06/17 00:00:00,2885,462,C3071,1080,waste,Blast,Dump,TERRERO 986,17,2720
516,2020/06/17 00:00:00,2885,464,C3075,1057,ore,Blast,Stockpile,PATIO 32,1,200
517,2020/06/17 00:00:00,2885,465,C3076,(en blanco),ore,Blast,Stockpile,PATIO 32,1,200
518,2020/06/17 00:00:00,2885,465,C3076,988,ore,Blast,Stockpile,PATIO 32,7,1400
519,2020/06/17 00:00:00,2885,465,C3076,989,ore,Blast,Crusher,QUEBRADORA,2,400
520,2020/06/17 00:00:00,2885,465,C3076,989,ore,Blast,Stockpile,PATIO 32,1,200
521,2020/06/17 00:00:00,2885,466,C3077,988,ore,Blast,Stockpile,PATIO 32,1,200
522,2020/06/17 00:00:00,2885,468,C3079,1083,ore,Blast,Stockpile,PATIO 32,1,200
523,2020/06/17 00:00:00,2885,468,C3079,1083,waste,Blast,Dump,TERRERO 1038,1,205
524,2020/06/17 00:00:00,2885,468,C3079,1083,waste,Blast,Dump,TERRERO 986,2,410
525,2020/06/17 00:00:00,2885,469,C3080,(en blanco),ore,Blast,Stockpile,PATIO 32,1,200
526,2020/06/17 00:00:00,2885,469,C3080,996,ore,Blast,Crusher,QUEBRADORA,5,1000
527,2020/06/17 00:00:00,2885,469,C3080,996,ore,Blast,Stockpile,PATIO 32,1,200
528,2020/06/17 00:00:00,2885,470,C3081,(en blanco),waste,Blast,Dump,TERRERO 986,1,205
529,2020/06/17 00:00:00,2885,470,C3081,1136,ore,Blast,Crusher,QUEBRADORA,1,200
530,2020/06/17 00:00:00,2885,470,C3081,1136,ore,Blast,Stockpile,PATIO 32,3,600
531,2020/06/17 00:00:00,2885,470,C3081,1136,waste,Blast,Dump,TERRERO 986,5,1025
532,2020/06/17 00:00:00,2885,471,C3082,(en blanco),waste,Blast,Dump,TERRERO 986,3,615
533,2020/06/17 00:00:00,2885,471,C3082,1004,waste,Blast,Dump,TERRERO 1038,3,615
534,2020/06/17 00:00:00,2885,471,C3082,1004,waste,Blast,Dump,TERRERO 986,2,410
535,2020/06/17 00:00:00,2885,472,C3083,(en blanco),ore,Blast,Stockpile,PATIO 32,1,200
536,2020/06/17 00:00:00,2885,472,C3083,1201,ore,Blast,Crusher,QUEBRADORA,6,1200
537,2020/06/17 00:00:00,2885,472,C3083,1201,ore,Blast,Stockpile,PATIO 32,3,600
538,2020/06/17 00:00:00,2885,551,C3088,(en blanco),waste,Blast,Dump,TERRERO 986,4,820
539,2020/06/17 00:00:00,2885,551,C3088,1005,waste,Blast,Dump,TERRERO 926,1,205
540,2020/06/17 00:00:00,2885,552,C3087,1236,ore,Blast,Stockpile,PATIO 20,3,600
541,2020/06/17 00:00:00,2885,552,C3087,1236,waste,Blast,Dump,TERRERO 1038,2,410
542,2020/06/17 00:00:00,2885,552,C3087,1236,waste,Blast,Dump,TERRERO 986,3,615
543,2020/06/18 00:00:00,1051,447,C3056,1059,waste,Blast,Dump,TERRERO 1038,6,960
544,2020/06/18 00:00:00,1051,447,C3056,1059,waste,Blast,Dump,TERRERO 986,2,320
545,2020/06/18 00:00:00,1051,448,C3057,1139,ore,Blast,Crusher,QUEBRADORA,11,1716
546,2020/06/18 00:00:00,1051,448,C3057,1139,ore,Blast,Stockpile,PATIO 32,2,312
547,2020/06/18 00:00:00,1051,449,C3058,1060,ore,Blast,Crusher,QUEBRADORA,11,1716
548,2020/06/18 00:00:00,1051,450,C3059,1257,waste,Blast,Dump,TERRERO 1038,10,1600
549,2020/06/18 00:00:00,1051,450,C3059,1257,waste,Blast,Dump,TERRERO 986,6,960
550,2020/06/18 00:00:00,1051,450,C3059,1257,waste,Blast,InpitDump,T-1100,2,320
551,2020/06/18 00:00:00,1051,452,C3061,1110,ore,Blast,Crusher,QUEBRADORA,4,624
552,2020/06/18 00:00:00,1051,452,C3061,1110,ore,Blast,Stockpile,PATIO 32,4,624
553,2020/06/18 00:00:00,1051,452,C3061,1110,waste,Blast,Dump,TERRERO 1038,5,800
554,2020/06/18 00:00:00,1051,452,C3061,1110,waste,Blast,Dump,TERRERO 986,1,160
555,2020/06/18 00:00:00,1051,452,C3061,1110,waste,Blast,InpitDump,T-1100,2,320
556,2020/06/18 00:00:00,1051,453,C3062,1062,ore,Blast,Crusher,QUEBRADORA,12,1872
557,2020/06/18 00:00:00,1051,454,C3063,1241,ore,Blast,Crusher,QUEBRADORA,5,780
558,2020/06/18 00:00:00,1051,454,C3063,1241,ore,Blast,Stockpile,PATIO 32,4,624
559,2020/06/18 00:00:00,1051,455,C3064,1169,ore,Blast,Crusher,QUEBRADORA,3,468
560,2020/06/18 00:00:00,1051,455,C3064,1169,ore,Blast,Stockpile,PATIO 32,1,156
561,2020/06/18 00:00:00,1051,455,C3064,1169,waste,Blast,Dump,TERRERO 926,12,1920
562,2020/06/18 00:00:00,1051,456,C3065,1046,ore,Blast,Crusher,QUEBRADORA,2,312
563,2020/06/18 00:00:00,1051,456,C3065,1046,ore,Blast,Stockpile,PATIO 32,5,780
564,2020/06/18 00:00:00,1051,456,C3065,1046,waste,Blast,Dump,TERRERO 1038,4,640
565,2020/06/18 00:00:00,1051,456,C3065,1046,waste,Blast,Dump,TERRERO 986,1,160
566,2020/06/18 00:00:00,1051,458,C3067,1051,waste,Blast,Dump,TERRERO 986,4,640
567,2020/06/18 00:00:00,1051,458,C3067,1120,ore,Blast,Crusher,QUEBRADORA,1,156
568,2020/06/18 00:00:00,1051,458,C3067,1120,waste,Blast,Dump,TERRERO 1038,3,480
569,2020/06/18 00:00:00,1051,458,C3067,1120,waste,Blast,Dump,TERRERO 986,6,960
570,2020/06/18 00:00:00,1051,458,C3067,1120,waste,Blast,InpitDump,T-1100,1,160
571,2020/06/18 00:00:00,1051,459,C3068,1035,ore,Blast,Crusher,QUEBRADORA,2,312
572,2020/06/18 00:00:00,1051,459,C3068,1035,ore,Blast,Stockpile,PATIO 20,1,156
573,2020/06/18 00:00:00,1051,459,C3068,1315,ore,Blast,Crusher,QUEBRADORA,1,156
574,2020/06/18 00:00:00,1051,459,C3068,1315,ore,Blast,Stockpile,PATIO 32,7,1092
575,2020/06/18 00:00:00,1051,459,C3068,1315,waste,Blast,Dump,TERRERO 1038,3,480
576,2020/06/18 00:00:00,1051,459,C3068,1315,waste,Blast,InpitDump,T-1100,1,160
577,2020/06/18 00:00:00,1051,460,C3069,1006,ore,Blast,Crusher,QUEBRADORA,4,624
578,2020/06/18 00:00:00,1051,460,C3069,1006,waste,Blast,Dump,TERRERO 926,7,1120
579,2020/06/18 00:00:00,1051,460,C3069,1126,ore,Blast,Crusher,QUEBRADORA,1,156
580,2020/06/18 00:00:00,1051,460,C3069,1126,ore,Blast,Stockpile,PATIO 32,2,312
581,2020/06/18 00:00:00,1051,462,C3071,1113,ore,Blast,Crusher,QUEBRADORA,2,312
582,2020/06/18 00:00:00,1051,462,C3071,1256,waste,Blast,Dump,TERRERO 1038,1,160
583,2020/06/18 00:00:00,1051,462,C3071,1256,waste,Blast,Dump,TERRERO 986,18,2880
584,2020/06/18 00:00:00,1051,462,C3071,1256,waste,Blast,InpitDump,T-1100,1,160
585,2020/06/18 00:00:00,1051,463,C3074,1059,waste,Blast,Dump,TERRERO 986,4,820
586,2020/06/18 00:00:00,1051,463,C3074,1059,waste,Blast,InpitDump,T-1100,1,205
587,2020/06/18 00:00:00,1051,464,C3075,1045,waste,Blast,Dump,TERRERO 1038,5,1025
588,2020/06/18 00:00:00,1051,464,C3075,1045,waste,Blast,Dump,TERRERO 926,1,205
589,2020/06/18 00:00:00,1051,464,C3075,1045,waste,Blast,Dump,TERRERO 986,5,1025
590,2020/06/18 00:00:00,1051,464,C3075,1045,waste,Blast,InpitDump,T-1100,3,615
591,2020/06/18 00:00:00,1051,465,C3076,1120,ore,Blast,Crusher,QUEBRADORA,1,200
592,2020/06/18 00:00:00,1051,466,C3077,1078,ore,Blast,Crusher,QUEBRADORA,1,200
593,2020/06/18 00:00:00,1051,466,C3077,1078,ore,Blast,Stockpile,PATIO 32,9,1800
594,2020/06/18 00:00:00,1051,466,C3077,1078,waste,Blast,Dump,TERRERO 1038,1,205
595,2020/06/18 00:00:00,1051,466,C3077,1078,waste,Blast,Dump,TERRERO 986,1,205
596,2020/06/18 00:00:00,1051,468,C3079,1172,ore,Blast,Crusher,QUEBRADORA,1,200
597,2020/06/18 00:00:00,1051,468,C3079,1172,ore,Blast,Stockpile,PATIO 32,4,800
598,2020/06/18 00:00:00,1051,468,C3079,1172,waste,Blast,Dump,TERRERO 1038,3,615
599,2020/06/18 00:00:00,1051,468,C3079,1172,waste,Blast,Dump,TERRERO 986,5,1025
600,2020/06/18 00:00:00,1051,469,C3080,1181,ore,Blast,Crusher,QUEBRADORA,4,800
601,2020/06/18 00:00:00,1051,470,C3081,1113,ore,Blast,Stockpile,PATIO 32,7,1400
602,2020/06/18 00:00:00,1051,470,C3081,1113,waste,Blast,Dump,TERRERO 926,3,615
603,2020/06/18 00:00:00,1051,470,C3081,1113,waste,Blast,InpitDump,T-1100,1,205
604,2020/06/18 00:00:00,1051,471,C3082,1044,waste,Blast,Dump,TERRERO 1038,3,615
605,2020/06/18 00:00:00,1051,471,C3082,1044,waste,Blast,Dump,TERRERO 926,7,1435
606,2020/06/18 00:00:00,1051,471,C3082,1044,waste,Blast,Dump,TERRERO 986,6,1230
607,2020/06/18 00:00:00,1051,471,C3082,1044,waste,Blast,InpitDump,T-1100,5,1025
608,2020/06/18 00:00:00,1051,472,C3083,(en blanco),ore,Blast,Crusher,QUEBRADORA,1,200
609,2020/06/18 00:00:00,1051,472,C3083,1137,ore,Blast,Crusher,QUEBRADORA,7,1400
610,2020/06/18 00:00:00,1051,472,C3083,1137,waste,Blast,Dump,TERRERO 986,2,410
611,2020/06/18 00:00:00,1051,472,C3083,1181,ore,Blast,Stockpile,PATIO 32,3,600
612,2020/06/18 00:00:00,1051,551,C3088,1134,waste,Blast,Dump,TERRERO 1038,15,3075
613,2020/06/18 00:00:00,1051,551,C3088,1134,waste,Blast,Dump,TERRERO 986,1,205
614,2020/06/18 00:00:00,1051,552,C3087,1190,ore,Blast,Stockpile,PATIO 32,13,2600
615,2020/06/18 00:00:00,1060,447,C3056,1310,ore,Blast,Crusher,QUEBRADORA,8,1248
616,2020/06/18 00:00:00,1060,447,C3056,1310,waste,Blast,Dump, AMPLIACION F6,1,160
617,2020/06/18 00:00:00,1060,448,C3057,1308,ore,Blast,Crusher,QUEBRADORA,11,1716
618,2020/06/18 00:00:00,1060,448,C3057,1308,waste,Blast,Dump,TERRERO 1038,2,320
619,2020/06/18 00:00:00,1060,449,C3058,1002,ore,Blast,Crusher,QUEBRADORA,10,1560
620,2020/06/18 00:00:00,1060,450,C3059,1251,ore,Blast,Crusher,QUEBRADORA,5,780
621,2020/06/18 00:00:00,1060,450,C3059,1251,waste,Blast,Dump, AMPLIACION F6,2,320
622,2020/06/18 00:00:00,1060,450,C3059,1251,waste,Blast,Dump,TERRERO 926,1,160
623,2020/06/18 00:00:00,1060,450,C3059,1251,waste,Blast,Dump,TERRERO 986,3,480
624,2020/06/18 00:00:00,1060,452,C3061,1101,ore,Blast,Crusher,QUEBRADORA,8,1248
625,2020/06/18 00:00:00,1060,452,C3061,1101,waste,Blast,Dump, AMPLIACION F6,1,160
626,2020/06/18 00:00:00,1060,453,C3062,1089,ore,Blast,Crusher,QUEBRADORA,9,1404
627,2020/06/18 00:00:00,1060,454,C3063,1014,ore,Blast,Crusher,QUEBRADORA,11,1716
628,2020/06/18 00:00:00,1060,455,C3064,1079,ore,Blast,Crusher,QUEBRADORA,10,1560
629,2020/06/18 00:00:00,1060,456,C3065,1197,ore,Blast,Crusher,QUEBRADORA,3,468
630,2020/06/18 00:00:00,1060,456,C3065,1197,waste,Blast,Dump, AMPLIACION F6,7,1120
631,2020/06/18 00:00:00,1060,458,C3067,1107,ore,Blast,Crusher,QUEBRADORA,8,1248
632,2020/06/18 00:00:00,1060,458,C3067,1107,waste,Blast,Dump, AMPLIACION F6,1,160
633,2020/06/18 00:00:00,1060,459,C3068,1140,ore,Blast,Crusher,QUEBRADORA,5,780
634,2020/06/18 00:00:00,1060,459,C3068,1168,ore,Blast,Crusher,QUEBRADORA,3,468
635,2020/06/18 00:00:00,1060,460,C3069,1191,ore,Blast,Crusher,QUEBRADORA,2,312
636,2020/06/18 00:00:00,1060,460,C3069,1191,waste,Blast,Dump, AMPLIACION F6,7,1120
637,2020/06/18 00:00:00,1060,460,C3069,1191,waste,Blast,Dump,TERRERO 1038,4,640
638,2020/06/18 00:00:00,1060,460,C3069,1191,waste,Blast,Dump,TERRERO 926,2,320
639,2020/06/18 00:00:00,1060,460,C3069,1191,waste,Blast,Dump,TERRERO 986,1,160
640,2020/06/18 00:00:00,1060,460,C3069,1191,waste,Blast,InpitDump,T-1100,2,320
641,2020/06/18 00:00:00,1060,462,C3071,1025,ore,Blast,Crusher,QUEBRADORA,5,780
642,2020/06/18 00:00:00,1060,462,C3071,1025,waste,Blast,Dump, AMPLIACION F6,6,960
643,2020/06/18 00:00:00,1060,463,C3074,1185,waste,Blast,Dump,TERRERO 1038,8,1640
644,2020/06/18 00:00:00,1060,464,C3075,1001,waste,Blast,Dump,TERRERO 1038,6,1230
645,2020/06/18 00:00:00,1060,464,C3075,1001,waste,Blast,Dump,TERRERO 926,1,205
646,2020/06/18 00:00:00,1060,464,C3075,1001,waste,Blast,Dump,TERRERO 986,2,410
647,2020/06/18 00:00:00,1060,464,C3075,1001,waste,Blast,InpitDump,T-1100,1,205
648,2020/06/18 00:00:00,1060,466,C3077,1050,waste,Blast,Dump,TERRERO 1038,1,205
649,2020/06/18 00:00:00,1060,466,C3077,1050,waste,Blast,Dump,TERRERO 926,2,410
650,2020/06/18 00:00:00,1060,466,C3077,1050,waste,Blast,Dump,TERRERO 986,4,820
651,2020/06/18 00:00:00,1060,466,C3077,1050,waste,Blast,InpitDump,T-1100,1,205
652,2020/06/18 00:00:00,1060,468,C3079,1172,waste,Blast,Dump,TERRERO 1038,4,820
653,2020/06/18 00:00:00,1060,468,C3079,1172,waste,Blast,Dump,TERRERO 986,6,1230
654,2020/06/18 00:00:00,1060,468,C3079,1172,waste,Blast,InpitDump,T-1100,1,205
655,2020/06/18 00:00:00,1060,470,C3081,1094,waste,Blast,Dump,TERRERO 1038,1,205
656,2020/06/18 00:00:00,1060,470,C3081,1094,waste,Blast,Dump,TERRERO 986,3,615
657,2020/06/18 00:00:00,1060,471,C3082,1097,waste,Blast,Dump,TERRERO 1038,4,820
658,2020/06/18 00:00:00,1060,471,C3082,1097,waste,Blast,Dump,TERRERO 986,7,1435
659,2020/06/18 00:00:00,1060,471,C3082,1097,waste,Blast,InpitDump,T-1100,2,410
660,2020/06/18 00:00:00,1060,472,C3083,1100,waste,Blast,Dump,TERRERO 1038,4,820
661,2020/06/18 00:00:00,1060,472,C3083,1100,waste,Blast,Dump,TERRERO 926,1,205
662,2020/06/18 00:00:00,1060,472,C3083,1100,waste,Blast,Dump,TERRERO 986,3,615
663,2020/06/18 00:00:00,1060,472,C3083,1100,waste,Blast,InpitDump,T-1100,1,205
664,2020/06/18 00:00:00,1060,551,C3088,1018,waste,Blast,Dump,TERRERO 1038,8,1640
665,2020/06/18 00:00:00,1060,551,C3088,1018,waste,Blast,Dump,TERRERO 986,2,410
666,2020/06/18 00:00:00,1060,551,C3088,1018,waste,Blast,InpitDump,T-1100,1,205
667,2020/06/18 00:00:00,1060,552,C3087,1131,ore,Blast,Crusher,QUEBRADORA,2,400
668,2020/06/18 00:00:00,1060,552,C3087,1131,waste,Blast,Dump,TERRERO 1038,7,1435
669,2020/06/18 00:00:00,1060,552,C3087,1131,waste,Blast,Dump,TERRERO 986,7,1435
670,2020/06/18 00:00:00,2885,447,C3056,1193,waste,Blast,Dump, AMPLIACION F6,14,2240
671,2020/06/18 00:00:00,2885,447,C3056,1193,waste,Blast,Dump,TERRERO 926,3,480
672,2020/06/18 00:00:00,2885,448,C3057,1250,waste,Blast,Dump, AMPLIACION F6,13,2080
673,2020/06/18 00:00:00,2885,448,C3057,1250,waste,Blast,Dump,TERRERO 926,3,480
674,2020/06/18 00:00:00,2885,449,C3058,1007,ore,Blast,Crusher,QUEBRADORA,7,1092
675,2020/06/18 00:00:00,2885,449,C3058,1007,waste,Blast,Dump,TERRERO 986,2,320
676,2020/06/18 00:00:00,2885,450,C3059,1109,waste,Blast,Dump, AMPLIACION F6,20,3200
677,2020/06/18 00:00:00,2885,450,C3059,1109,waste,Blast,Dump,TERRERO 926,2,320
678,2020/06/18 00:00:00,2885,452,C3061,1265,waste,Blast,Dump, AMPLIACION F6,21,3360
679,2020/06/18 00:00:00,2885,453,C3062,1090,ore,Blast,Crusher,QUEBRADORA,2,312
680,2020/06/18 00:00:00,2885,453,C3062,1090,waste,Blast,Dump,TERRERO 986,4,640
681,2020/06/18 00:00:00,2885,454,C3063,1147,ore,Blast,Crusher,QUEBRADORA,8,1248
682,2020/06/18 00:00:00,2885,454,C3063,1147,waste,Blast,Dump,TERRERO 986,2,320
683,2020/06/18 00:00:00,2885,455,C3064,999,ore,Blast,Crusher,QUEBRADORA,1,156
684,2020/06/18 00:00:00,2885,455,C3064,999,waste,Blast,Dump,TERRERO 926,1,160
685,2020/06/18 00:00:00,2885,455,C3064,1188,ore,Blast,Crusher,QUEBRADORA,4,624
686,2020/06/18 00:00:00,2885,456,C3065,1081,ore,Blast,Crusher,QUEBRADORA,14,2184
687,2020/06/18 00:00:00,2885,458,C3067,1022,waste,Blast,Dump, AMPLIACION F6,12,1920
688,2020/06/18 00:00:00,2885,458,C3067,1022,waste,Blast,Dump,TERRERO 926,3,480
689,2020/06/18 00:00:00,2885,459,C3068,1032,ore,Blast,Crusher,QUEBRADORA,7,1092
690,2020/06/18 00:00:00,2885,459,C3068,1032,waste,Blast,Dump,TERRERO 986,1,160
691,2020/06/18 00:00:00,2885,460,C3069,1114,ore,Blast,Crusher,QUEBRADORA,14,2184
692,2020/06/18 00:00:00,2885,462,C3071,1080,ore,Blast,Crusher,QUEBRADORA,11,1716
693,2020/06/18 00:00:00,2885,462,C3071,1080,waste,Blast,Dump, AMPLIACION F6,1,160
694,2020/06/18 00:00:00,2885,463,C3074,1084,waste,Blast,Dump,TERRERO 986,11,2255
695,2020/06/18 00:00:00,2885,464,C3075,1170,waste,Blast,Dump,TERRERO 986,9,1845
696,2020/06/18 00:00:00,2885,465,C3076,1188,waste,Blast,Dump, AMPLIACION F6,2,410
697,2020/06/18 00:00:00,2885,465,C3076,1188,waste,Blast,Dump,TERRERO 926,1,205
698,2020/06/18 00:00:00,2885,465,C3076,1188,waste,Blast,Dump,TERRERO 986,4,820
699,2020/06/18 00:00:00,2885,466,C3077,1161,waste,Blast,Dump,TERRERO 986,3,615
700,2020/06/18 00:00:00,2885,466,C3077,1191,waste,Blast,Dump,TERRERO 986,7,1435
701,2020/06/18 00:00:00,2885,468,C3079,1163,waste,Blast,Dump, AMPLIACION F6,3,615
702,2020/06/18 00:00:00,2885,468,C3079,1163,waste,Blast,Dump,TERRERO 926,4,820
703,2020/06/18 00:00:00,2885,468,C3079,1163,waste,Blast,Dump,TERRERO 986,7,1435
704,2020/06/18 00:00:00,2885,470,C3081,1201,waste,Blast,Dump,TERRERO 986,12,2460
705,2020/06/18 00:00:00,2885,471,C3082,1074,waste,Blast,Dump,TERRERO 986,11,2255
706,2020/06/18 00:00:00,2885,472,C3083,1155,waste,Blast,Dump, AMPLIACION F6,3,615
707,2020/06/18 00:00:00,2885,472,C3083,1155,waste,Blast,Dump,TERRERO 986,11,2255
708,2020/06/18 00:00:00,2885,551,C3088,1005,waste,Blast,Dump,TERRERO 986,14,2870
709,2020/06/18 00:00:00,2885,552,C3087,1162,waste,Blast,Dump,TERRERO 986,11,2255
710,2020/06/19 00:00:00,1051,448,C3057,1102,ore,Blast,Crusher,QUEBRADORA,3,468
711,2020/06/19 00:00:00,1051,448,C3057,1139,ore,Blast,Crusher,QUEBRADORA,2,312
712,2020/06/19 00:00:00,1051,448,C3057,1139,waste,Blast,Dump, AMPLIACION F6,4,640
713,2020/06/19 00:00:00,1051,448,C3057,1139,waste,Blast,Dump,TERRERO 1038,3,480
714,2020/06/19 00:00:00,1051,449,C3058,(en blanco),ore,Blast,Crusher,QUEBRADORA,1,156
715,2020/06/19 00:00:00,1051,449,C3058,1059,ore,Blast,Crusher,QUEBRADORA,6,936
716,2020/06/19 00:00:00,1051,449,C3058,1102,ore,Blast,Crusher,QUEBRADORA,3,468
717,2020/06/19 00:00:00,1051,450,C3059,1257,ore,Blast,Crusher,QUEBRADORA,4,624
718,2020/06/19 00:00:00,1051,450,C3059,1257,waste,Blast,Dump, AMPLIACION F6,7,1120
719,2020/06/19 00:00:00,1051,450,C3059,1257,waste,Blast,Dump,TERRERO 986,1,160
720,2020/06/19 00:00:00,1051,452,C3061,1115,ore,Blast,Crusher,QUEBRADORA,1,156
721,2020/06/19 00:00:00,1051,452,C3061,1115,ore,Blast,Stockpile,PATIO 12,1,156
722,2020/06/19 00:00:00,1051,452,C3061,1115,waste,Blast,Dump, AMPLIACION F6,6,960
723,2020/06/19 00:00:00,1051,452,C3061,1115,waste,Blast,Dump,TERRERO 1038,2,320
724,2020/06/19 00:00:00,1051,452,C3061,1115,waste,Blast,Dump,TERRERO 986,3,480
725,2020/06/19 00:00:00,1051,453,C3062,1062,ore,Blast,Crusher,QUEBRADORA,7,1092
726,2020/06/19 00:00:00,1051,453,C3062,1062,ore,Blast,Stockpile,COLAS PRECO,1,156
727,2020/06/19 00:00:00,1051,453,C3062,1062,waste,Blast,Dump,TERRERO 986,6,960
728,2020/06/19 00:00:00,1051,454,C3063,1190,ore,Blast,Crusher,QUEBRADORA,9,1404
729,2020/06/19 00:00:00,1051,454,C3063,1241,ore,Blast,Crusher,QUEBRADORA,2,312
730,2020/06/19 00:00:00,1051,455,C3064,(en blanco),ore,Blast,Crusher,QUEBRADORA,1,156
731,2020/06/19 00:00:00,1051,455,C3064,1169,ore,Blast,Crusher,QUEBRADORA,10,1560
732,2020/06/19 00:00:00,1051,455,C3064,1169,ore,Blast,Stockpile,PATIO 12,1,156
733,2020/06/19 00:00:00,1051,456,C3065,1046,ore,Blast,Crusher,QUEBRADORA,3,468
734,2020/06/19 00:00:00,1051,456,C3065,1060,ore,Blast,Crusher,QUEBRADORA,6,936
735,2020/06/19 00:00:00,1051,456,C3065,1060,waste,Blast,Dump,TERRERO 1038,2,320
736,2020/06/19 00:00:00,1051,458,C3067,1047,ore,Blast,Crusher,QUEBRADORA,6,936
737,2020/06/19 00:00:00,1051,458,C3067,1047,ore,Blast,Stockpile,PATIO 12,1,156
738,2020/06/19 00:00:00,1051,458,C3067,1047,waste,Blast,Dump, AMPLIACION F6,3,480
739,2020/06/19 00:00:00,1051,458,C3067,1047,waste,Blast,Dump,TERRERO 926,1,160
740,2020/06/19 00:00:00,1051,459,C3068,1035,ore,Blast,Crusher,QUEBRADORA,11,1716
741,2020/06/19 00:00:00,1051,459,C3068,1035,ore,Blast,Stockpile,PATIO 12,1,156
742,2020/06/19 00:00:00,1051,460,C3069,1006,ore,Blast,Crusher,QUEBRADORA,3,468
743,2020/06/19 00:00:00,1051,460,C3069,1120,ore,Blast,Crusher,QUEBRADORA,7,1092
744,2020/06/19 00:00:00,1051,460,C3069,1120,waste,Blast,Dump,TERRERO 1038,3,480
745,2020/06/19 00:00:00,1051,460,C3069,1120,waste,Blast,Dump,TERRERO 986,1,160
746,2020/06/19 00:00:00,1051,462,C3071,1256,ore,Blast,Crusher,QUEBRADORA,4,624
747,2020/06/19 00:00:00,1051,462,C3071,1315,ore,Blast,Crusher,QUEBRADORA,9,1404
748,2020/06/19 00:00:00,1051,463,C3074,1110,waste,Blast,Dump,TERRERO 986,13,2665
749,2020/06/19 00:00:00,1051,464,C3075,1045,waste,Blast,Dump,TERRERO 1038,8,1640
750,2020/06/19 00:00:00,1051,464,C3075,1045,waste,Blast,Dump,TERRERO 986,3,615
751,2020/06/19 00:00:00,1051,464,C3075,1045,waste,Blast,InpitDump,T-1100,1,205
752,2020/06/19 00:00:00,1051,465,C3076,1120,waste,Blast,Dump, AMPLIACION F6,2,410
753,2020/06/19 00:00:00,1051,466,C3077,1181,waste,Blast,Dump,TERRERO 1038,8,1640
754,2020/06/19 00:00:00,1051,466,C3077,1181,waste,Blast,Dump,TERRERO 986,6,1230
755,2020/06/19 00:00:00,1051,468,C3079,1172,waste,Blast,Dump, AMPLIACION F6,5,1025
756,2020/06/19 00:00:00,1051,468,C3079,1172,waste,Blast,Dump,TERRERO 1038,3,615
757,2020/06/19 00:00:00,1051,468,C3079,1172,waste,Blast,Dump,TERRERO 926,1,205
758,2020/06/19 00:00:00,1051,468,C3079,1172,waste,Blast,Dump,TERRERO 986,3,615
759,2020/06/19 00:00:00,1051,470,C3081,1113,waste,Blast,Dump,TERRERO 1038,5,1025
760,2020/06/19 00:00:00,1051,470,C3081,1113,waste,Blast,Dump,TERRERO 986,7,1435
761,2020/06/19 00:00:00,1051,471,C3082,1044,waste,Blast,Dump,TERRERO 1038,4,820
762,2020/06/19 00:00:00,1051,471,C3082,1044,waste,Blast,Dump,TERRERO 986,12,2460
763,2020/06/19 00:00:00,1051,472,C3083,1137,waste,Blast,Dump, AMPLIACION F6,1,205
764,2020/06/19 00:00:00,1051,472,C3083,1137,waste,Blast,Dump,TERRERO 1038,5,1025
765,2020/06/19 00:00:00,1051,472,C3083,1137,waste,Blast,Dump,TERRERO 926,1,205
766,2020/06/19 00:00:00,1051,551,C3088,1134,waste,Blast,Dump,TERRERO 1038,9,1845
767,2020/06/19 00:00:00,1051,551,C3088,1134,waste,Blast,Dump,TERRERO 986,2,410
768,2020/06/19 00:00:00,1051,552,C3087,1190,waste,Blast,Dump,TERRERO 1038,3,615
769,2020/06/19 00:00:00,1060,447,C3056,1200,ore,Blast,Crusher,QUEBRADORA,4,624
770,2020/06/19 00:00:00,1060,448,C3057,1050,ore,Blast,Crusher,QUEBRADORA,7,1092
771,2020/06/19 00:00:00,1060,448,C3057,1050,waste,Blast,Dump, AMPLIACION F6,3,480
772,2020/06/19 00:00:00,1060,449,C3058,1094,ore,Blast,Crusher,QUEBRADORA,4,624
773,2020/06/19 00:00:00,1060,449,C3058,1094,ore,Stockpile,Crusher,QUEBRADORA,2,312
774,2020/06/19 00:00:00,1060,450,C3059,1001,ore,Blast,Crusher,QUEBRADORA,5,780
775,2020/06/19 00:00:00,1060,450,C3059,1001,waste,Blast,Dump, AMPLIACION F6,6,960
776,2020/06/19 00:00:00,1060,453,C3062,998,ore,Blast,Crusher,QUEBRADORA,6,936
777,2020/06/19 00:00:00,1060,454,C3063,1309,ore,Blast,Crusher,QUEBRADORA,3,468
778,2020/06/19 00:00:00,1060,454,C3063,1309,waste,Blast,Dump, AMPLIACION F6,3,480
779,2020/06/19 00:00:00,1060,455,C3064,993,ore,Blast,Crusher,QUEBRADORA,4,624
780,2020/06/19 00:00:00,1060,455,C3064,993,ore,Stockpile,Crusher,QUEBRADORA,1,156
781,2020/06/19 00:00:00,1060,456,C3065,1083,ore,Blast,Crusher,QUEBRADORA,3,468
782,2020/06/19 00:00:00,1060,456,C3065,1083,ore,Stockpile,Crusher,QUEBRADORA,2,312
783,2020/06/19 00:00:00,1060,458,C3067,1107,ore,Blast,Crusher,QUEBRADORA,3,468
784,2020/06/19 00:00:00,1060,458,C3067,1107,waste,Blast,Dump, AMPLIACION F6,3,480
785,2020/06/19 00:00:00,1060,459,C3068,1236,ore,Blast,Crusher,QUEBRADORA,3,468
786,2020/06/19 00:00:00,1060,460,C3069,1103,ore,Blast,Crusher,QUEBRADORA,6,936
787,2020/06/19 00:00:00,1060,460,C3069,1103,waste,Blast,Dump, AMPLIACION F6,2,320
788,2020/06/19 00:00:00,1060,462,C3071,996,ore,Blast,Crusher,QUEBRADORA,5,780
789,2020/06/19 00:00:00,1060,462,C3071,996,waste,Blast,Dump, AMPLIACION F6,1,160
790,2020/06/19 00:00:00,2885,447,C3056,1193,ore,Blast,Crusher,QUEBRADORA,7,1092
791,2020/06/19 00:00:00,2885,448,C3057,1250,ore,Blast,Crusher,QUEBRADORA,4,624
792,2020/06/19 00:00:00,2885,448,C3057,1250,ore,Blast,Stockpile,PATIO 12,1,156
793,2020/06/19 00:00:00,2885,449,C3058,1007,ore,Blast,Crusher,QUEBRADORA,7,1092
794,2020/06/19 00:00:00,2885,450,C3059,1109,ore,Blast,Crusher,QUEBRADORA,7,1092
795,2020/06/19 00:00:00,2885,450,C3059,1109,ore,Blast,Stockpile,PATIO 12,1,156
796,2020/06/19 00:00:00,2885,451,C3060,1265,ore,Blast,Crusher,QUEBRADORA,2,312
797,2020/06/19 00:00:00,2885,451,C3060,1265,ore,Blast,Stockpile,PATIO 12,4,624
798,2020/06/19 00:00:00,2885,452,C3061,1022,ore,Blast,Crusher,QUEBRADORA,4,624
799,2020/06/19 00:00:00,2885,453,C3062,1090,ore,Blast,Stockpile,PATIO 12,2,312
800,2020/06/19 00:00:00,2885,454,C3063,1147,ore,Blast,Crusher,QUEBRADORA,8,1248
801,2020/06/19 00:00:00,2885,455,C3064,1188,ore,Blast,Crusher,QUEBRADORA,6,936
802,2020/06/19 00:00:00,2885,455,C3064,1188,ore,Blast,Stockpile,PATIO 12,2,312
803,2020/06/19 00:00:00,2885,456,C3065,1081,ore,Blast,Crusher,QUEBRADORA,7,1092
804,2020/06/19 00:00:00,2885,458,C3067,1187,ore,Blast,Crusher,QUEBRADORA,7,1092
805,2020/06/19 00:00:00,2885,459,C3068,1061,ore,Blast,Crusher,QUEBRADORA,1,156
806,2020/06/19 00:00:00,2885,459,C3068,1061,ore,Blast,Stockpile,PATIO 12,4,624
807,2020/06/19 00:00:00,2885,460,C3069,1114,ore,Blast,Crusher,QUEBRADORA,5,780
808,2020/06/19 00:00:00,2885,460,C3069,1114,ore,Blast,Stockpile,PATIO 12,1,156
809,2020/06/19 00:00:00,2885,460,C3069,1114,waste,Blast,Dump,TERRERO 986,2,320
810,2020/06/19 00:00:00,2885,462,C3071,1080,ore,Blast,Crusher,QUEBRADORA,8,1248
811,2020/06/19 00:00:00,2885,463,C3074,1084,waste,Blast,Dump,TERRERO 986,4,820
812,2020/06/19 00:00:00,2885,464,C3075,1087,waste,Blast,Dump,TERRERO 1038,1,205
813,2020/06/19 00:00:00,2885,464,C3075,1087,waste,Blast,Dump,TERRERO 986,4,820
814,2020/06/19 00:00:00,2885,466,C3077,1161,waste,Blast,Dump,TERRERO 986,4,820
815,2020/06/19 00:00:00,2885,468,C3079,1201,waste,Blast,Dump,TERRERO 986,5,1025
816,2020/06/19 00:00:00,2885,471,C3082,1162,waste,Blast,Dump,TERRERO 986,2,410
817,2020/06/19 00:00:00,2885,472,C3083,1155,waste,Blast,Dump,TERRERO 986,4,820
818,2020/06/19 00:00:00,2885,551,C3088,1005,waste,Blast,Dump,TERRERO 986,4,820
819,2020/06/19 00:00:00,2885,552,C3087,1158,waste,Blast,Dump,TERRERO 986,5,1025
820,2020/06/20 00:00:00,1051,447,C3056,1192,ore,Blast,Crusher,QUEBRADORA,3,468
821,2020/06/20 00:00:00,1051,447,C3056,1197,ore,Blast,Crusher,QUEBRADORA,3,468
822,2020/06/20 00:00:00,1051,447,C3056,1197,waste,Blast,Dump, AMPLIACION F6,3,480
823,2020/06/20 00:00:00,1051,448,C3057,1139,ore,Blast,Crusher,QUEBRADORA,10,1560
824,2020/06/20 00:00:00,1051,448,C3057,1139,ore,Blast,Dump, AMPLIACION F6,1,156
825,2020/06/20 00:00:00,1051,448,C3057,1139,waste,Blast,Dump, AMPLIACION F6,2,320
826,2020/06/20 00:00:00,1051,449,C3058,1089,ore,Blast,Crusher,QUEBRADORA,9,1404
827,2020/06/20 00:00:00,1051,450,C3059,1172,ore,Blast,Crusher,QUEBRADORA,6,936
828,2020/06/20 00:00:00,1051,450,C3059,1172,ore,Blast,Stockpile,PATIO 12,1,156
829,2020/06/20 00:00:00,1051,450,C3059,1172,waste,Blast,Dump,TERRERO 1038,2,320
830,2020/06/20 00:00:00,1051,451,C3060,1257,ore,Blast,Crusher,QUEBRADORA,11,1716
831,2020/06/20 00:00:00,1051,452,C3061,1137,ore,Blast,Crusher,QUEBRADORA,9,1404
832,2020/06/20 00:00:00,1051,453,C3062,1025,ore,Blast,Crusher,QUEBRADORA,2,312
833,2020/06/20 00:00:00,1051,453,C3062,1025,ore,Blast,Stockpile,PATIO 12,1,156
834,2020/06/20 00:00:00,1051,453,C3062,1025,waste,Blast,Dump, AMPLIACION F6,10,1600
835,2020/06/20 00:00:00,1051,453,C3062,1025,waste,Blast,Dump,TERRERO 986,1,160
836,2020/06/20 00:00:00,1051,454,C3063,1014,ore,Blast,Crusher,QUEBRADORA,9,1404
837,2020/06/20 00:00:00,1051,455,C3064,1133,ore,Blast,Crusher,QUEBRADORA,1,156
838,2020/06/20 00:00:00,1051,455,C3064,1133,waste,Blast,Dump,TERRERO 1038,1,160
839,2020/06/20 00:00:00,1051,455,C3064,1133,waste,Blast,Dump,TERRERO 986,1,160
840,2020/06/20 00:00:00,1051,456,C3065,1185,ore,Blast,Crusher,QUEBRADORA,8,1248
841,2020/06/20 00:00:00,1051,458,C3067,1231,ore,Blast,Crusher,QUEBRADORA,9,1404
842,2020/06/20 00:00:00,1051,459,C3068,1124,ore,Blast,Crusher,QUEBRADORA,9,1404
843,2020/06/20 00:00:00,1051,460,C3069,1029,waste,Blast,Dump,TERRERO 1038,3,480
844,2020/06/20 00:00:00,1051,460,C3069,1308,ore,Blast,Crusher,QUEBRADORA,5,780
845,2020/06/20 00:00:00,1051,460,C3069,1308,waste,Blast,Dump, AMPLIACION F6,1,160
846,2020/06/20 00:00:00,1051,463,C3074,1181,waste,Blast,Dump,TERRERO 1038,1,205
847,2020/06/20 00:00:00,1051,463,C3074,1181,waste,Blast,Dump,TERRERO 986,8,1640
848,2020/06/20 00:00:00,1051,464,C3075,1140,waste,Blast,Dump,TERRERO 1038,5,1025
849,2020/06/20 00:00:00,1051,464,C3075,1140,waste,Blast,Dump,TERRERO 986,1,205
850,2020/06/20 00:00:00,1051,464,C3075,1241,waste,Blast,Dump,TERRERO 1038,1,205
851,2020/06/20 00:00:00,1051,466,C3077,1018,waste,Blast,Dump,TERRERO 1038,5,1025
852,2020/06/20 00:00:00,1051,466,C3077,1018,waste,Blast,Dump,TERRERO 986,4,820
853,2020/06/20 00:00:00,1051,468,C3079,1132,waste,Blast,Dump,TERRERO 1038,5,1025
854,2020/06/20 00:00:00,1051,468,C3079,1132,waste,Blast,Dump,TERRERO 986,4,820
855,2020/06/20 00:00:00,1051,470,C3081,1113,waste,Blast,Dump,TERRERO 1038,1,205
856,2020/06/20 00:00:00,1051,470,C3081,1113,waste,Blast,Dump,TERRERO 986,4,820
857,2020/06/20 00:00:00,1051,471,C3082,1131,ore,Blast,Crusher,QUEBRADORA,1,200
858,2020/06/20 00:00:00,1051,471,C3082,1131,waste,Blast,Dump,TERRERO 1038,2,410
859,2020/06/20 00:00:00,1051,471,C3082,1131,waste,Blast,Dump,TERRERO 986,5,1025
860,2020/06/20 00:00:00,1051,472,C3083,1120,waste,Blast,Dump,TERRERO 1038,4,820
861,2020/06/20 00:00:00,1051,472,C3083,1120,waste,Blast,Dump,TERRERO 986,4,820
862,2020/06/20 00:00:00,1051,551,C3088,1134,waste,Blast,Dump,TERRERO 1038,6,1230
863,2020/06/20 00:00:00,1051,552,C3087,1190,waste,Blast,Dump, AMPLIACION F6,8,1640
864,2020/06/20 00:00:00,1051,552,C3087,1190,waste,Blast,Dump,TERRERO 1038,5,1025
865,2020/06/20 00:00:00,1060,447,C3056,996,ore,Blast,Crusher,QUEBRADORA,2,312
866,2020/06/20 00:00:00,1060,447,C3056,996,ore,Blast,Stockpile,PATIO 12,1,156
867,2020/06/20 00:00:00,1060,447,C3056,996,waste,Blast,Dump, AMPLIACION F6,1,160
868,2020/06/20 00:00:00,1060,448,C3057,1001,ore,Blast,Crusher,QUEBRADORA,1,156
869,2020/06/20 00:00:00,1060,448,C3057,1001,waste,Blast,Dump,TERRERO 986,17,2720
870,2020/06/20 00:00:00,1060,449,C3058,1089,ore,Blast,Crusher,QUEBRADORA,8,1248
871,2020/06/20 00:00:00,1060,449,C3058,1089,waste,Blast,Dump,TERRERO 986,1,160
872,2020/06/20 00:00:00,1060,450,C3059,1172,ore,Blast,Crusher,QUEBRADORA,1,156
873,2020/06/20 00:00:00,1060,450,C3059,1172,waste,Blast,Dump,TERRERO 986,18,2880
874,2020/06/20 00:00:00,1060,451,C3060,1094,ore,Blast,Crusher,QUEBRADORA,8,1248
875,2020/06/20 00:00:00,1060,451,C3060,1094,waste,Blast,Dump,TERRERO 986,3,480
876,2020/06/20 00:00:00,1060,452,C3061,1101,ore,Blast,Crusher,QUEBRADORA,1,156
877,2020/06/20 00:00:00,1060,452,C3061,1101,waste,Blast,Dump,TERRERO 986,16,2560
878,2020/06/20 00:00:00,1060,453,C3062,998,ore,Blast,Crusher,QUEBRADORA,9,1404
879,2020/06/20 00:00:00,1060,454,C3063,1168,ore,Blast,Crusher,QUEBRADORA,9,1404
880,2020/06/20 00:00:00,1060,455,C3064,993,waste,Blast,Dump,TERRERO 986,19,3040
881,2020/06/20 00:00:00,1060,456,C3065,1083,ore,Blast,Crusher,QUEBRADORA,8,1248
882,2020/06/20 00:00:00,1060,456,C3065,1083,waste,Blast,Dump,TERRERO 986,1,160
883,2020/06/20 00:00:00,1060,458,C3067,1107,ore,Blast,Crusher,QUEBRADORA,9,1404
884,2020/06/20 00:00:00,1060,459,C3068,1050,ore,Blast,Crusher,QUEBRADORA,11,1716
885,2020/06/20 00:00:00,1060,460,C3069,1309,ore,Blast,Crusher,QUEBRADORA,10,1560
886,2020/06/20 00:00:00,1060,462,C3071,1111,ore,Blast,Crusher,QUEBRADORA,5,780
887,2020/06/20 00:00:00,1060,463,C3074,1004,waste,Blast,Dump,TERRERO 1038,3,615
888,2020/06/20 00:00:00,1060,463,C3074,1004,waste,Blast,Dump,TERRERO 986,10,2050
889,2020/06/20 00:00:00,1060,464,C3075,1191,waste,Blast,Dump,TERRERO 986,16,3280
890,2020/06/20 00:00:00,1060,466,C3077,996,waste,Blast,Dump,TERRERO 986,1,205
891,2020/06/20 00:00:00,1060,468,C3079,(en blanco),waste,Blast,Dump,TERRERO 1038,3,615
892,2020/06/20 00:00:00,1060,468,C3079,(en blanco),waste,Blast,Dump,TERRERO 986,8,1640
893,2020/06/20 00:00:00,1060,468,C3079,1132,waste,Blast,Dump,TERRERO 986,6,1230
894,2020/06/20 00:00:00,1060,470,C3081,1251,ore,Blast,Crusher,QUEBRADORA,1,200
895,2020/06/20 00:00:00,1060,470,C3081,1251,waste,Blast,Dump,TERRERO 1038,5,1025
896,2020/06/20 00:00:00,1060,470,C3081,1251,waste,Blast,Dump,TERRERO 986,10,2050
897,2020/06/20 00:00:00,1060,471,C3082,1097,waste,Blast,Dump,TERRERO 1038,2,410
898,2020/06/20 00:00:00,1060,471,C3082,1097,waste,Blast,Dump,TERRERO 986,13,2665
899,2020/06/20 00:00:00,1060,472,C3083,1100,waste,Blast,Dump,TERRERO 986,15,3075
900,2020/06/20 00:00:00,1060,551,C3088,1034,waste,Blast,Dump,TERRERO 1038,6,1230
901,2020/06/20 00:00:00,1060,551,C3088,1034,waste,Blast,Dump,TERRERO 986,11,2255
902,2020/06/20 00:00:00,1060,552,C3087,988,waste,Blast,Dump,TERRERO 1038,8,1640
903,2020/06/20 00:00:00,1060,552,C3087,988,waste,Blast,Dump,TERRERO 986,9,1845
904,2020/06/20 00:00:00,2885,447,C3056,1154,ore,Blast,Crusher,QUEBRADORA,2,312
905,2020/06/20 00:00:00,2885,447,C3056,1154,waste,Blast,Dump, AMPLIACION F6,5,800
906,2020/06/20 00:00:00,2885,448,C3057,1250,ore,Blast,Crusher,QUEBRADORA,1,156
907,2020/06/20 00:00:00,2885,448,C3057,1250,waste,Blast,Dump,TERRERO 986,11,1760
908,2020/06/20 00:00:00,2885,449,C3058,1007,ore,Blast,Crusher,QUEBRADORA,3,468
909,2020/06/20 00:00:00,2885,449,C3058,1007,waste,Blast,Dump,TERRERO 986,7,1120
910,2020/06/20 00:00:00,2885,449,C3058,1233,ore,Blast,Crusher,QUEBRADORA,2,312
911,2020/06/20 00:00:00,2885,450,C3059,1109,ore,Blast,Crusher,QUEBRADORA,5,780
912,2020/06/20 00:00:00,2885,450,C3059,1109,waste,Blast,Dump,TERRERO 986,8,1280
913,2020/06/20 00:00:00,2885,451,C3060,1022,ore,Blast,Crusher,QUEBRADORA,2,312
914,2020/06/20 00:00:00,2885,451,C3060,1022,waste,Blast,Dump, AMPLIACION F6,7,1120
915,2020/06/20 00:00:00,2885,451,C3060,1022,waste,Blast,Dump,TERRERO 926,1,160
916,2020/06/20 00:00:00,2885,452,C3061,1265,waste,Blast,Dump,TERRERO 986,15,2400
917,2020/06/20 00:00:00,2885,453,C3062,1074,ore,Blast,Crusher,QUEBRADORA,9,1404
918,2020/06/20 00:00:00,2885,453,C3062,1074,waste,Blast,Dump,TERRERO 986,1,160
919,2020/06/20 00:00:00,2885,454,C3063,1147,ore,Blast,Crusher,QUEBRADORA,4,624
920,2020/06/20 00:00:00,2885,454,C3063,1147,waste,Blast,Dump,TERRERO 986,9,1440
921,2020/06/20 00:00:00,2885,455,C3064,1188,ore,Blast,Crusher,QUEBRADORA,2,312
922,2020/06/20 00:00:00,2885,455,C3064,1188,waste,Blast,Dump,TERRERO 986,11,1760
923,2020/06/20 00:00:00,2885,455,C3064,1188,waste,Blast,InpitDump,T-1100,1,160
924,2020/06/20 00:00:00,2885,456,C3065,1081,ore,Blast,Crusher,QUEBRADORA,8,1248
925,2020/06/20 00:00:00,2885,456,C3065,1081,waste,Blast,Dump, AMPLIACION F6,2,320
926,2020/06/20 00:00:00,2885,456,C3065,1081,waste,Blast,Dump,TERRERO 926,1,160
927,2020/06/20 00:00:00,2885,458,C3067,1187,ore,Blast,Crusher,QUEBRADORA,2,312
928,2020/06/20 00:00:00,2885,458,C3067,1187,ore,Blast,Dump,TERRERO 1038,1,156
929,2020/06/20 00:00:00,2885,458,C3067,1187,waste,Blast,Dump, AMPLIACION F6,10,1600
930,2020/06/20 00:00:00,2885,458,C3067,1187,waste,Blast,Dump,TERRERO 926,1,160
931,2020/06/20 00:00:00,2885,459,C3068,1077,ore,Blast,Crusher,QUEBRADORA,5,780
932,2020/06/20 00:00:00,2885,459,C3068,1077,waste,Blast,Dump, AMPLIACION F6,5,800
933,2020/06/20 00:00:00,2885,460,C3069,1114,ore,Blast,Crusher,QUEBRADORA,7,1092
934,2020/06/20 00:00:00,2885,460,C3069,1114,waste,Blast,Dump,TERRERO 986,2,320
935,2020/06/20 00:00:00,2885,462,C3071,1080,ore,Blast,Crusher,QUEBRADORA,10,1560
936,2020/06/20 00:00:00,2885,463,C3074,1084,waste,Blast,Dump,TERRERO 986,10,2050
937,2020/06/20 00:00:00,2885,464,C3075,1170,ore,Blast,Crusher,QUEBRADORA,1,200
938,2020/06/20 00:00:00,2885,464,C3075,1170,waste,Blast,Dump,TERRERO 986,13,2665
939,2020/06/20 00:00:00,2885,465,C3076,1162,waste,Blast,Dump,TERRERO 986,9,1845
940,2020/06/20 00:00:00,2885,466,C3077,1061,waste,Blast,Dump,TERRERO 986,11,2255
941,2020/06/20 00:00:00,2885,468,C3079,1163,waste,Blast,Dump,TERRERO 986,11,2255
942,2020/06/20 00:00:00,2885,470,C3081,1161,waste,Blast,Dump,TERRERO 986,9,1845
943,2020/06/20 00:00:00,2885,471,C3082,1193,waste,Blast,Dump,TERRERO 986,14,2870
944,2020/06/20 00:00:00,2885,472,C3083,1155,waste,Blast,Dump,TERRERO 986,15,3075
945,2020/06/20 00:00:00,2885,551,C3088,1005,waste,Blast,Dump,TERRERO 986,12,2460
946,2020/06/21 00:00:00,1051,447,C3056,1192,waste,Blast,Dump, AMPLIACION F6,4,640
947,2020/06/21 00:00:00,1051,447,C3056,1192,waste,Blast,Dump,TERRERO 1038,1,160
948,2020/06/21 00:00:00,1051,447,C3056,1192,waste,Blast,Dump,TERRERO 986,1,160
949,2020/06/21 00:00:00,1051,448,C3057,1139,waste,Blast,Crusher,QUEBRADORA,1,160
950,2020/06/21 00:00:00,1051,448,C3057,1139,waste,Blast,Dump,TERRERO 1038,9,1440
951,2020/06/21 00:00:00,1051,448,C3057,1139,waste,Blast,Dump,TERRERO 986,6,960
952,2020/06/21 00:00:00,1051,449,C3058,1131,ore,Blast,Crusher,QUEBRADORA,14,2184
953,2020/06/21 00:00:00,1051,450,C3059,1113,ore,Blast,Crusher,QUEBRADORA,13,2028
954,2020/06/21 00:00:00,1051,451,C3060,1172,ore,Blast,Crusher,QUEBRADORA,1,156
955,2020/06/21 00:00:00,1051,451,C3060,1172,waste,Blast,Dump, AMPLIACION F6,6,960
956,2020/06/21 00:00:00,1051,451,C3060,1172,waste,Blast,Dump,TERRERO 1038,1,160
957,2020/06/21 00:00:00,1051,451,C3060,1172,waste,Blast,Dump,TERRERO 926,4,640
958,2020/06/21 00:00:00,1051,451,C3060,1172,waste,Blast,Dump,TERRERO 986,1,160
959,2020/06/21 00:00:00,1051,452,C3061,1079,waste,Blast,Dump,TERRERO 1038,9,1440
960,2020/06/21 00:00:00,1051,452,C3061,1079,waste,Blast,Dump,TERRERO 986,6,960
961,2020/06/21 00:00:00,1051,453,C3062,1025,ore,Blast,Crusher,QUEBRADORA,15,2340
962,2020/06/21 00:00:00,1051,454,C3063,1014,waste,Blast,Dump,TERRERO 986,18,2880
963,2020/06/21 00:00:00,1051,455,C3064,1133,waste,Blast,Dump,TERRERO 1038,5,800
964,2020/06/21 00:00:00,1051,455,C3064,1133,waste,Blast,Dump,TERRERO 986,12,1920
965,2020/06/21 00:00:00,1051,456,C3065,1185,ore,Blast,Crusher,QUEBRADORA,12,1872
966,2020/06/21 00:00:00,1051,458,C3067,1231,ore,Blast,Crusher,QUEBRADORA,2,312
967,2020/06/21 00:00:00,1051,458,C3067,1231,waste,Blast,Dump, AMPLIACION F6,3,480
968,2020/06/21 00:00:00,1051,459,C3068,1124,ore,Blast,Crusher,QUEBRADORA,1,156
969,2020/06/21 00:00:00,1051,459,C3068,1124,waste,Blast,Dump, AMPLIACION F6,6,960
970,2020/06/21 00:00:00,1051,459,C3068,1124,waste,Blast,Dump,TERRERO 1038,1,160
971,2020/06/21 00:00:00,1051,459,C3068,1124,waste,Blast,Dump,TERRERO 926,4,640
972,2020/06/21 00:00:00,1051,459,C3068,1124,waste,Blast,Dump,TERRERO 986,1,160
973,2020/06/21 00:00:00,1051,460,C3069,1029,ore,Blast,Crusher,QUEBRADORA,4,624
974,2020/06/21 00:00:00,1051,460,C3069,1029,waste,Blast,Dump,TERRERO 1038,5,800
975,2020/06/21 00:00:00,1051,460,C3069,1029,waste,Blast,Dump,TERRERO 986,5,800
976,2020/06/21 00:00:00,1051,462,C3071,1231,ore,Blast,Crusher,QUEBRADORA,7,1092
977,2020/06/21 00:00:00,1051,462,C3071,1239,ore,Blast,Crusher,QUEBRADORA,3,468
978,2020/06/21 00:00:00,1051,463,C3074,1308,waste,Blast,Dump,TERRERO 1038,4,820
979,2020/06/21 00:00:00,1051,463,C3074,1308,waste,Blast,Dump,TERRERO 986,8,1640
980,2020/06/21 00:00:00,1051,464,C3075,1241,waste,Blast,Dump,TERRERO 1038,7,1435
981,2020/06/21 00:00:00,1051,464,C3075,1241,waste,Blast,Dump,TERRERO 986,9,1845
982,2020/06/21 00:00:00,1051,465,C3076,1120,waste,Blast,Dump,TERRERO 1038,11,2255
983,2020/06/21 00:00:00,1051,465,C3076,1120,waste,Blast,Dump,TERRERO 986,10,2050
984,2020/06/21 00:00:00,1051,466,C3077,1018,waste,Blast,Dump,TERRERO 1038,11,2255
985,2020/06/21 00:00:00,1051,466,C3077,1018,waste,Blast,Dump,TERRERO 986,3,615
986,2020/06/21 00:00:00,1051,468,C3079,1132,waste,Blast,Dump,TERRERO 1038,7,1435
987,2020/06/21 00:00:00,1051,468,C3079,1132,waste,Blast,Dump,TERRERO 986,7,1435
988,2020/06/21 00:00:00,1051,470,C3081,1165,waste,Blast,Dump,TERRERO 1038,3,615
989,2020/06/21 00:00:00,1051,470,C3081,1165,waste,Blast,Dump,TERRERO 986,12,2460
990,2020/06/21 00:00:00,1051,471,C3082,1137,waste,Blast,Dump,TERRERO 1038,1,205
991,2020/06/21 00:00:00,1051,471,C3082,1137,waste,Blast,Dump,TERRERO 986,3,615
992,2020/06/21 00:00:00,1051,471,C3082,1192,waste,Blast,Dump,TERRERO 986,7,1435
993,2020/06/21 00:00:00,1051,472,C3083,1190,waste,Blast,Dump,TERRERO 1038,6,1230
994,2020/06/21 00:00:00,1051,472,C3083,1190,waste,Blast,Dump,TERRERO 986,13,2665
995,2020/06/21 00:00:00,1051,551,C3088,1134,waste,Blast,Dump,TERRERO 1038,4,820
996,2020/06/21 00:00:00,1051,551,C3088,1134,waste,Blast,Dump,TERRERO 986,10,2050
997,2020/06/21 00:00:00,1060,448,C3057,997,waste,Blast,Dump,TERRERO 986,11,1760
998,2020/06/21 00:00:00,1060,449,C3058,1125,ore,Blast,Crusher,QUEBRADORA,9,1404
999,2020/06/21 00:00:00,1060,449,C3058,1125,ore,Blast,Dump,TERRERO 986,1,156
1000,2020/06/21 00:00:00,1060,449,C3058,1125,waste,Blast,Dump,TERRERO 986,2,320
1001,2020/06/21 00:00:00,1060,450,C3059,1123,ore,Blast,Crusher,QUEBRADORA,9,1404
1002,2020/06/21 00:00:00,1060,451,C3060,1094,ore,Blast,Crusher,QUEBRADORA,6,936
1003,2020/06/21 00:00:00,1060,451,C3060,1094,waste,Blast,Dump,TERRERO 926,6,960
1004,2020/06/21 00:00:00,1060,452,C3061,1101,ore,Blast,Crusher,QUEBRADORA,2,312
1005,2020/06/21 00:00:00,1060,452,C3061,1101,waste,Blast,Dump,TERRERO 986,11,1760
1006,2020/06/21 00:00:00,1060,453,C3062,998,ore,Blast,Crusher,QUEBRADORA,6,936
1007,2020/06/21 00:00:00,1060,453,C3062,998,waste,Blast,Dump,TERRERO 986,7,1120
1008,2020/06/21 00:00:00,1060,454,C3063,1309,waste,Blast,Dump,TERRERO 986,9,1440
1009,2020/06/21 00:00:00,1060,455,C3064,1104,waste,Blast,Dump,TERRERO 1038,1,160
1010,2020/06/21 00:00:00,1060,455,C3064,1104,waste,Blast,Dump,TERRERO 986,10,1600
1011,2020/06/21 00:00:00,1060,456,C3065,1083,ore,Blast,Crusher,QUEBRADORA,13,2028
1012,2020/06/21 00:00:00,1060,458,C3067,1107,ore,Blast,Dump,TERRERO 986,1,156
1013,2020/06/21 00:00:00,1060,458,C3067,1107,waste,Blast,Dump,TERRERO 986,2,320
1014,2020/06/21 00:00:00,1060,459,C3068,1050,ore,Blast,Crusher,QUEBRADORA,6,936
1015,2020/06/21 00:00:00,1060,459,C3068,1050,waste,Blast,Dump,TERRERO 926,6,960
1016,2020/06/21 00:00:00,1060,460,C3069,1103,waste,Blast,Dump,TERRERO 986,11,1760
1017,2020/06/21 00:00:00,1060,462,C3071,996,ore,Blast,Crusher,QUEBRADORA,3,468
1018,2020/06/21 00:00:00,1060,462,C3071,1107,ore,Blast,Crusher,QUEBRADORA,7,1092
1019,2020/06/21 00:00:00,1060,463,C3074,1004,waste,Blast,Dump,TERRERO 986,12,2460
1020,2020/06/21 00:00:00,1060,464,C3075,1001,waste,Blast,Dump,TERRERO 986,10,2050
1021,2020/06/21 00:00:00,1060,465,C3076,988,waste,Blast,Dump,TERRERO 986,9,1845
1022,2020/06/21 00:00:00,1060,466,C3077,989,waste,Blast,Dump,TERRERO 986,13,2665
1023,2020/06/21 00:00:00,1060,468,C3079,1310,waste,Blast,Dump,TERRERO 986,14,2870
1024,2020/06/21 00:00:00,1060,470,C3081,1251,waste,Blast,Dump,TERRERO 986,10,2050
1025,2020/06/21 00:00:00,1060,471,C3082,1097,waste,Blast,Dump,TERRERO 986,17,3485
1026,2020/06/21 00:00:00,1060,472,C3083,1236,waste,Blast,Dump,TERRERO 986,17,3485
1027,2020/06/21 00:00:00,1060,551,C3088,1089,waste,Blast,Dump,TERRERO 986,10,2050
1028,2020/06/21 00:00:00,2885,448,C3057,1250,waste,Blast,Dump,TERRERO 926,9,1440
1029,2020/06/21 00:00:00,2885,448,C3057,1250,waste,Blast,Dump,TERRERO 986,3,480
1030,2020/06/21 00:00:00,2885,449,C3058,1257,ore,Blast,Crusher,QUEBRADORA,5,780
1031,2020/06/21 00:00:00,2885,449,C3058,1257,waste,Blast,Dump, AMPLIACION F6,11,1760
1032,2020/06/21 00:00:00,2885,450,C3059,1047,ore,Blast,Crusher,QUEBRADORA,10,1560
1033,2020/06/21 00:00:00,2885,454,C3063,1147,ore,Blast,Crusher,QUEBRADORA,8,1248
1034,2020/06/21 00:00:00,2885,454,C3063,1147,waste,Blast,Dump,TERRERO 986,8,1280
1035,2020/06/21 00:00:00,2885,455,C3064,1188,waste,Blast,Dump,TERRERO 986,13,2080
1036,2020/06/21 00:00:00,2885,456,C3065,1062,ore,Blast,Crusher,QUEBRADORA,11,1716
1037,2020/06/21 00:00:00,2885,459,C3068,1187,ore,Blast,Crusher,QUEBRADORA,5,780
1038,2020/06/21 00:00:00,2885,459,C3068,1187,waste,Blast,Dump, AMPLIACION F6,3,480
1039,2020/06/21 00:00:00,2885,459,C3068,1187,waste,Blast,Dump,TERRERO 986,4,640
1040,2020/06/21 00:00:00,2885,460,C3069,1256,ore,Blast,Crusher,QUEBRADORA,6,936
1041,2020/06/21 00:00:00,2885,462,C3071,1110,ore,Blast,Crusher,QUEBRADORA,5,780
1042,2020/06/21 00:00:00,2885,462,C3071,1110,waste,Blast,Dump, AMPLIACION F6,11,1760
1043,2020/06/21 00:00:00,2885,463,C3074,1084,waste,Blast,Dump,TERRERO 986,12,2460
1044,2020/06/21 00:00:00,2885,464,C3075,1158,waste,Blast,Dump,TERRERO 986,8,1640
1045,2020/06/21 00:00:00,2885,465,C3076,1115,waste,Blast,Dump,TERRERO 986,9,1845
1046,2020/06/21 00:00:00,2885,466,C3077,1059,waste,Blast,Dump,TERRERO 986,5,1025
1047,2020/06/21 00:00:00,2885,466,C3077,1161,waste,Blast,Dump,TERRERO 986,7,1435
1048,2020/06/21 00:00:00,2885,468,C3079,1163,waste,Blast,Dump,TERRERO 986,13,2665
1049,2020/06/21 00:00:00,2885,470,C3081,1044,waste,Blast,Dump,TERRERO 986,9,1845
1050,2020/06/21 00:00:00,2885,471,C3082,1044,waste,Blast,Dump,TERRERO 986,3,615
1051,2020/06/21 00:00:00,2885,472,C3083,1155,waste,Blast,Dump,TERRERO 1038,1,205
1052,2020/06/21 00:00:00,2885,472,C3083,1155,waste,Blast,Dump,TERRERO 986,14,2870
1053,2020/06/21 00:00:00,2885,551,C3088,1162,waste,Blast,Dump,TERRERO 986,12,2460
